location,coordinates
"VASAVI , BIR UTTAM A.K KHANDAKER ROAD , MOHAKHALI GULSHAN","(23.7917, 90.4167)"
"SHANTINAGAR RD,SHANTINAGAR","(23.7393386, 90.4150796)"
"RD 9,SECTOR 4,UTTARA","(23.8705451, 90.398852)"
"171, ROAD 7, SECTION 12","(22.8933377, 91.5339391)"
"RAFFINATO  RESTAURANT ITALIANO , H 9 , RD 36 , GULSHAN 2","(23.7917, 90.4167)"
"AD DIN HOSPITAL RD, MOGHBAZAR","(23.65, 90.58)"
"ROBI CORPORATE OFFICE , GULSHAN 1","(23.7917, 90.4167)"
"ZEON LTD,BHATULIA MOUZA,TURAG","(23.76667, 90.31667)"
"KING PALACE , H 25/1 , HAZI AFSARUDDIN RD , WEST DHANMONDI","(23.74, 90.385)"
"WASI TOWER , 572/K ECB CHATTAR , MATIKATA , DHAKA CANTONMENT .","(23.82444, 90.40556)"
"H 5/1 , TAJMAHAL RD , MOHAMMADPUR","(23.7659, 90.35851)"
"H G4S OFFICE,NAYA NAGAR RD,NATUN BAZAR","(25.74442, 88.49186)"
"JIGATOLA BUS STAND , SATMASJID RD, DHANMONDI","(23.74, 90.385)"
"H 107 NEW,DHANMONDI PARTY CENTER,WEST DHANMONDI","(23.74, 90.385)"
"RAIMENT PARK , SECTOR 3 , UTTARA","(23.8667, 90.4)"
"BIR UTTAM CR DATTA RD , HATIRPOOL","(23.7406157, 90.3912661)"
"H 285/2,RD 8/A,DHANMONDI","(23.74, 90.385)"
"RANIMOHOL BOKVANGA ROAD,MAHMUDNAGAR,GREEN MODEL TOWN","(23.7283, 90.4518)"
"ARIF GROCERY STORE,ANOWAR JUNG RD,RUSTAMPUR,ASHULIA,1341","(24.3137, 89.6089)"
"FARID HOSSAIN , BLOCK B , MIRPUR 11","(23.805, 90.366)"
"ROSUN HOTEL , FARMGATE , , TEJGAON","(23.76296, 90.38971)"
"STOKE HOME , BORO MOGHBAZAR","(23.65, 90.58)"
"jahangir nagar university , savar bangladesh","(24.33724, 89.99715)"
"SHANTA FORUM , 187 , 188B BIR UTTAM MIR SHAWKAT SARAK , DHAKA-1208","(24.16667, 90.41667)"
"FLOCKS , 9, ROAD 4, NIKUNJA 2","(23.8296884, 90.4181514)"
"152,MALA BOKS SORDAR LANE,WIRELESS,MOGBAZAR","(23.7540299, 90.4083456)"
"HOUSE 10 , ROAD 9 , BLOCK G , BANANI , DHAKA","(24.16667, 90.41667)"
"10/10 , SIR ALLAMA MUHAMMAD IQBAL ROAD , MOHAMMADPUR","(23.7659, 90.35851)"
"NEXUS GROUP , DHAKA CITY BYPASS , 1702","(23.9833, 90.4)"
"EKANTA , H 41/24 , RD 1 , MOHAMMADPUR","(23.7659, 90.35851)"
"CELEBRITY CONVENTION HALL , GULSHAN 1, GULSHAN","(23.7806235, 90.4135268)"
"AMARI DHAKA , RD 41 , GULSHAN 2 , GULSHAN","(23.7917, 90.4167)"
"RD 4 , MOHAMMADI HOUSING SOCIETY , MOHAMMADPUR","(23.7659, 90.35851)"
"JUMMAN ELECTRIC , TOLARBAGH , MIRPUR 1","(23.805, 90.366)"
"ANIMATIC VIDEO - ANIMATION STUDIO IN BANGLADESH , GULSHAN 1","(23.7917, 90.4167)"
"THE BEST STEAK AND POTATO,H 2,9,BLOCK C,MIRPUR 10","(23.805, 90.366)"
"MY HOME SWAPNO NEER , SECTOR 13 , UTTARA","(23.8667, 90.4)"
"RD 6 , MOHAMMADIA HOUSING LTD , MOHAMMADPUR","(23.7659, 90.35851)"
"SHANTO FOOD CORNER, GOLARTEK MASJID RD , PALPARA , GABTOLI","(24.58189, 88.2967)"
"BANGLADESH-CHINA FRIENDSHIP EXHIBITION CENTER , SECTOR 21 , PURBACHAL","(23.8426962, 90.5338706)"
"SM KHALED'S HOME, BL;OCK H , BANANI","(47.50438, 7.70444)"
"DORIAN , BEGUM ROKEYA SARANI , WEST SHEWRAPARA","(23.7858354, 90.3775592)"
"16/1, BLOCK C, TAJMAHAL ROAD , MOHAMMADPUR","(23.7640513, 90.3625579)"
"CHONDRIMA NURSERY , SECTION 1 , MIRPUR","(23.805, 90.366)"
"POLICE PLAZA CONCORD SHOPPING MALL  , GULSHAN 1","(23.7917, 90.4167)"
"41/3,JOHURI MOHOLLA,BLOCK F,MOHAMMADPUR","(23.7710116, 90.3632691)"
"H 1/36, BABAR RD , METROPOLITAN COOPERATIVE HOUSING SOCIETY, MOHAMMADPUR","(23.7659, 90.35851)"
"DUTCH EMBASSY , GULSHAN 2, GULSHAN","(23.7917, 90.4167)"
"HOT CAKE , SHAMOLY CINEMA HALL COMPLEX , RING ROAD MOHAMMADPUR","(23.7659, 90.35851)"
"ASA UNIVERSITY BANGLADESH , KHILJI RD , SHYAMOLI","(23.7732003, 90.3666007)"
"ma pharmacy , sector 9 , uttara","(23.8667, 90.4)"
"EMMANUELLES CONVENTION CENTER,RESIDENTIAL AREA,DHANMONDI","(23.74, 90.385)"
"BAISHTEKI CENTRAL JAME MASJID , SECTION 13 , MIRPUR","(23.805, 90.366)"
"BDM HOSPITAL,H 5/17,HUMAYUN RD,BIHARI CAMP BAZAR","(25.74442, 88.49186)"
"INTER CONTINENTAL DHAKA HOTEL, SHAHBAG","(23.738, 90.4)"
"28 , ROAD 16 , NIKUNJA 2","(23.8339024, 90.4164755)"
"BALUR MATH , BASABO","(23.738195, 90.4306125)"
"SYMPHONY CUTOMER CARE,NARAYANGANJ, B B RD,BALUR MATH,NARAYANGANJ SADAR,NARAYANGANJ 1400","(23.61352, 90.50298)"
"ARTS FACULTY , UNIVERSITY MAIN RD , SAVAR , 1342","(24.3137, 89.6089)"
"SAKIBUL KARIM CHOWDHURY ROAD ,, MOHANAGAR PROJECT , RAMPURA","(23.76261, 90.42051)"
ONJOLY LADIES TAILOR'S 46/A DOLPHIN GOLI DHANMONDI,"(23.74, 90.385)"
"JAMUNA FUTURE PARK , NSU RD , BLOCK B , BASUNDHARA R/A","(38.5, -0.5)"
"LOKI RESTAURANT & BAR,KEMAL ATATURK AVENUE,BANANI","(47.3678023, 8.8197926)"
"HOUSE 22, ROAD 4 , BLOCK C, BANANI , DHAKA","(23.7968846, 90.4068193)"
"5, ROAD 3, SECTION 12","(22.8933377, 91.5339391)"
"RD 19/3 , RUPNAGAR , PALLABI","(23.825, 90.37)"
"GLEMRICH INTERNATIONAL SCHOOL, SUNVALLEY SHARONI , SATARKUL, BADDA","(24.34671, 90.00523)"
"CITY BANK LTD , BEGUM ROKEYA SARANI , KAZIPARA","(25.74623, 89.0251)"
"SYMPHONY TOWER , GULSHAN 1","(23.7917, 90.4167)"
"KHAJA BABA MOSQUE ROAD , RAYER BAZAR , HAZARIBAGH","(23.743244, 90.3556192)"
"AMAR HAT,SECTOR 10,UTTARA","(23.8667, 90.4)"
"NEUVE'MI CAFE 7 RESTRO , SECTOR 15 , UTTARA","(23.8667, 90.4)"
"FOOD POINT SHAHID ZIA COLLEGE ROAD,MIRPUR 12","(23.805, 90.366)"
"RADISSON BLU DHAKA WATER GARDEN, NEW AIRPORT RD, DHAKA CANTONMENT","(23.8160348, 90.4087008)"
"CHAREU ROWSHON , H 15 , RD 7 , SOUTH BANASREE PROJECT , RAMPURA","(23.76261, 90.42051)"
"DHAKA RESTAURANTS,H 54,SATMASJID RD,DHANMONDI","(23.74, 90.385)"
"ALHAJ FAZAR ALI JAME MASJID , ALHAJ FAZAR ALI RD , GAZIPUR","(23.9828351, 90.389539)"
"ROAD 19, SECTOR 13","(23.8707176, 90.3857822)"
"SHOBUJBON NOOR TOWER, DABANOL SHONGSHOD ROAD , EAST RAMPURA , HAJIPARA , DHAKA 1219","(23.7518, 90.4254)"
"SHUVO VILA,KONABARI","(24.60652, 89.99662)"
"north end coffee roasters , progati sarani , gulshan 2","(23.7917, 90.4167)"
"19/A/19,BLOCK F,BIZLY MOHOLLA ROAD.,TIKKAPARA,MOHAMMADPUR","(23.7697137, 90.3597021)"
"AICHI HOSPITAL , ABDULLAH ATIPARA RD , SECTOR 8 , UTTARA","(23.8667, 90.4)"
"DHAKA CHITTAGONG HIGHWAY,SHONIR AKHRA","(23.7167713, 90.4202821)"
"SHAHEED TAZUDDIN AVENUE , MOHAKHALI , GULSHAN","(23.7917, 90.4167)"
"RD 1, SECTOR 12 , UTTARA","(23.8705821, 90.3832883)"
"GABTOLI PRANTIK SUPER MARKET GABTOLI COW HUT , DARUSSALAM , MIRPUR","(23.805, 90.366)"
"ROSHMELA SWEETS , SHAHJADPUR , BADDA","(24.34671, 90.00523)"
"BASHABO PLAYGROUND , MODDHO BASHABO, SHAHJAHANPUR","(21.9128, 90.73626)"
"TALTOLA MARKET  , TALTOLA MARKET RD , TALTOLA  , KHILGAON","(23.7521147, 90.4240381)"
"KUBA MOSJID , ROAD NO. 4 , MOHAMMADI HOUSING LIMITED , MOHAMMADPUR","(23.7606011, 90.3571807)"
"AMERICAN CLUB AREA,ROAD 7,GULSHAN 2,GULSHAN","(23.7917, 90.4167)"
"AFTABNAGAR , DHAKA , BANGLADESH","(24.16667, 90.41667)"
"NANNA BIRIYANI , TIKATULI , WARI","(23.71667, 90.41667)"
"MILK VITA RD,MIRPUR 6","(23.8142732, 90.3621497)"
"EBRAHIM STEEL HOSUE AND LASER CUTTING , EAST NURERCHALA , SHAHJADPUR","(23.79191, 90.42498)"
"NUR FASHION , SHAH ALI BAG , MIRPUR 1","(23.805, 90.366)"
"20/3,ROAD NO 1,MOHAMMADI HOUSING LIMITED,MOHAMMADPUR","(23.7613115, 90.3535406)"
"PINK BEAUTY SALOON , GULSHAN 1, GULSHAN","(23.7917, 90.4167)"
"ADVANCE POLICE TOWN , DHAKA ARICHA HIGHWAY  1347","(24.3137, 89.6089)"
"MIRPUR RD,MIDDLE PAIKPARA,MIRPUR 1","(23.7962891, 90.3530603)"
"HAZRAT SHAHJALAL INTERNATIONAL AIRPORT , NEW AIRPORT ROAD , KURMITOLA , SECTOR 2","(33.36074, 44.44738)"
"TIPTOP POLICE CANTEEN , ROAD 8 , SECTOR 10 ,UTTARA","(23.8667, 90.4)"
"HOTEL AND CATERING INSTITUTE BANGLADESH , RESIDENTIAL AREA , DHANMONDI","(23.74, 90.385)"
"HOUSE SUILDING BUS STOP , SECTOR 6 , UTTARA","(23.8667, 90.4)"
"SAYED NAZRUL ISLAM NATIONAL SWIMMING COMPLEX, MAIN RD, MIRPUR 10","(23.805, 90.366)"
"CONCORD BKASH TOWER, GULSHAN 2, GULSHAN","(23.7917, 90.4167)"
"SAAD KABAB GHAR, CERAMICS RD, 1340","(23.8442, 90.2511)"
"LAILA MOHOL , 26/10 , BLOCK D , SHER SHAH SURI ROAD , MOHAMMADPUR","(23.7659, 90.35851)"
"ROAD 25 , RAYER BAZAR , LALMATIA","(24.43374, 88.45688)"
"POPULAR PHARMACY,ZAFRABAD,MOHAMMADPUR","(23.7659, 90.35851)"
"JAMUNA PLAZA,AL HAJ ABDUS SOBHAN RD,NIKUNJA 1,BADDA","(24.34671, 90.00523)"
"AL NOOR EYE HOSPITAL , NOOR MAKKA COMPLEX , ZAFRABAD , MOHAMMADPUR","(23.7659, 90.35851)"
"FORD BANGLADESH , M&U MOTORS LIMITED INDUSTRIAL AREA , TEJGAON","(40.40225, -3.71029)"
"H 13 , RD 18 , BANANI","(23.7951763, 90.4048304)"
"SHIKDER BARI , EASTERN HOUSING , GOLDEN STREET, SHYMOLI, MOHAMMADPUR","(23.7659, 90.35851)"
"HOUSE 383/A , KAYKOBAD ROAD , KATSUR , MOHAMMADPUR","(23.7659, 90.35851)"
"ECB CHATTAR BUS STOP,,MIRPUR DOHS LINK RD,MATIKATA","(25.14906, 88.65018)"
"NEW ROSHMELA SWEETS AND BAKERY,VATARA RD,NATUN BAZAR","(25.74442, 88.49186)"
"EMBASSY OF THE UNITED ARAB EMIRATES CONSULAR SECTION , GULSHAN 2 , GULSHAN","(23.7917, 90.4167)"
"ARMY GOLF CLUB ENTRANCE , NIKUNJA 1, BARIDHARA","(23.80254, 90.42117)"
"NESCAFE, STATION RD , KAMALPUR","(23.36619, 91.20671)"
"MAYER DOYA PHARMACY AND TELICOM,RAYERBAG,SONIR AKHRA","(24.9058, 88.77014)"
"GAZIPUR CHOWRASTA BUS STAND , DHAKA MYMENSINGH , GAZIPUR","(23.9897895, 90.3817038)"
SONIRAKHRA ZAPANI BAZAR,"(25.74442, 88.49186)"
"SHANTA AVE , GULSHAN 2, GULSHAN","(23.7917, 90.4167)"
"H 41, RD 16 , NIKUNJA 2","(23.8339024, 90.4164755)"
"WIRELESS , LALMATIA","(24.43374, 88.45688)"
"POPULAR DIAGNOSTIC CENTER , SHANTINAGAR RD","(23.7410018, 90.4123167)"
"ARANYA , ROAD 19A , BANANI","(23.7931264, 90.4092824)"
"BANGLADESH MEDICAL COLLEGE HOSPITAL,RD 14,SANKAR,DHANMONDI","(23.74, 90.385)"
"REST ROOM,AIRPORT ROAD,NEW AIPORT ROAD,KURMITOLA,SECTOR 2","(33.36074, 44.44738)"
"H 19/5 , TAJMAHAL RD , MOHAMMADPUR","(23.7659, 90.35851)"
"RUPAYAN VIEW HOUSE 13/A,ROAD 2/A,SECTOR 5,UTTARA,DHAKA 1230","(24.16667, 90.41667)"
"GADNAIL HIGH SCHOOL,ARAMBAG SARAK,ARAMBAG,GODENAIL,NARAYANGANJ","(23.61352, 90.50298)"
"RUPAYAN CITY UTTARA,NALBHOG","(23.87885, 90.37087)"
"M/S RABBI MOTOS , 37/2 , MIRPUR ROAD , MUKTI HOUSING , SHYAMOLI","(23.77438, 90.36538)"
"SANOWAR TEA STALL , WEST , DHANMONDI","(23.74, 90.385)"
"NAVANA HORGS BEH,HOUSE 226,SAYEM SOBHAN ANVIR ROAD,BLOCK C,BASUNDHARA R/A","(0.5, 32.0)"
"WORLD UNIVERSITY OF BANGLADESH(WUB),SECTOR 17,UTTARA","(23.8667, 90.4)"
"NOPE TOWER,NORTH BADDA","(24.34671, 90.00523)"
"FARIHA KNIT TEX LIMITED , WEST MASDAIR , FATULLAH , NARAYANGANJ , 1400","(23.7219, 90.5789)"
"MILON'S DENTAL CARE , WEST, DHANMONDI","(23.74, 90.385)"
"STARKABAB HOTEL , RD 2, DHANMONDI","(23.74, 90.385)"
"BISMILLAH STORE 2,BLOCK DHA,MIRPUR 12","(23.805, 90.366)"
"GAZIPUR CHOWRASTA BUS STAND,DHAKA MYMENSING,GAZIPUR","(25.25, 89.5)"
"VISION GLOBAL SCHOOL , H 27 , RD 10 , GULSHAN 1","(23.7917, 90.4167)"
"M/S UTTARA READERS , ROAD 10 , SECTOR -04, UTTARA","(23.8667, 90.4)"
HOUSE 117 ROAD 11 BLOCK E BANANI DHAKA,"(23.7109566, 90.4228009)"
"AMTOLA BAZAR , 60 FEET , MIRPUR 2","(23.805, 90.366)"
"DHAKA MEDICAL COLLEGE HOSPITAL , SECRETARIAT ROAD , DHAKA , BANGLADESH","(24.16667, 90.41667)"
"LION HOTEL & RESTURANT,J 79,GULSHAN LINK RD,MIDDLE BADDA","(42.273974, 23.6001433)"
"IBN SINA PHYSIOTHERAPY AND DENTAL CENTER , ADARSHA NAGAR , BADDA","(24.34671, 90.00523)"
"LOGIC SOFTWARE LIMITED,GULSHAN 2,GULSHAN","(23.7917, 90.4167)"
"HOUSE BUILDING BUS STOPSGE , UTTARA ROAD 10 , SECTOR 6 , UTTARA","(23.8667, 90.4)"
"CUSTOMIZATION BD,BLOCK H,MIRPUR 2","(23.805, 90.366)"
"AB BANK ATM,EASTERN POINT,8-9,SHANTINAGAR,DHAKA","(24.16667, 90.41667)"
"AVE RD , BLOCK A , PALLABI","(23.825, 90.37)"
"BASHBARI JAME MASJID , CHAN MIA HOUSING , BASHBARI RD , MOHAMMADPUR","(23.7659, 90.35851)"
jahangirnagar university,"(23.8821271, 90.2669735)"
"BELNA ECO RESORT , KERANIGANJ","(24.75003, 88.07271)"
"MODHUMITA CINEMA HALL , MOTIJHEEL","(23.7227289, 90.4218654)"
"POPULAR HOSPITAL,DHANMONDI 2","(23.7392113, 90.3824483)"
"KACHA BAZAR MAIN RD , NOBODOY HOUSING , MOHAMMADPUR","(23.7659, 90.35851)"
"H 7 , NEW ESKATON RD , NEW ESKATON","(23.7472032, 90.3991858)"
"AMINA , C 59, RD 4, MOHANAGAR HOUSING PROJECT , RAMPURA","(23.76261, 90.42051)"
"MOTHERS AND KIDS WORLD , LAKE DRIVE ROAD , SECTOR 7 , UTTARA","(23.8667, 90.4)"
"LAZZ PHARMA FARMGATE,TEJGAON","(23.7508535, 90.3787285)"
"MASTERMAIND SCHOOL , ABASHIK ALAKA , DHANMONDI","(23.74, 90.385)"
"TV AKASH DTH , SECTOR 3 , UTTARA","(23.8667, 90.4)"
"CHETONA MODEL ACADEMY,HAZI RD,MIRPUR 2","(23.805, 90.366)"
"CONFIGURE BEPARI SHOPPING COMPLEX,PRAGOTI SARANI,MIDDLE BADDA","(24.34671, 90.00523)"
"SARBICK PARIBAHAN LTD,(GABTOLI COUNTER),GABTALI,MIRPUR","(23.805, 90.366)"
"UTTARA CRESENT HOSPITAL , RABINDRA SARANI , SECTOR 3, UTTARA","(23.8667, 90.4)"
"Matikata Bazar,Matikata Bazar Rd,Matikata","(25.14906, 88.65018)"
"DESIGN EXPERN BD,EASTERN PALLABI,MIRPUR 11.5","(23.805, 90.366)"
"BRIDGE ROSEN JINNAH,HOUSE 816,ROAD 12,BLOCK I,BASUNDHARA R/A","(38.5, -0.5)"
"RD 1,SECTOR 1,UTTARA","(23.8591667, 90.4055928)"
"SAKIB BHAU , EASTERN HOUSING , MIRPUR","(23.805, 90.366)"
"H 19 , RD 17 , SECTOR 13 , UTTARA","(23.8715722, 90.3857685)"
"BM MEDICAL HALL,WEST SHEWRAPARA,MIRPUR","(23.805, 90.366)"
"46, NORTH DHANMONDI ROAD","(23.7522583, 90.3831682)"
"HOUSE 10,ROAD 13,SECTOR 3,UTTARA","(23.8667, 90.4)"
"SAYMA BOUTIQUE HOUSE , ADABAR, MOHAMMADPUR","(23.7659, 90.35851)"
"MAHANAGAR PROJECT PLAY GROUND , RD 1, MOHANAGAR HOUSING PROJECT , RAMPURA","(23.76261, 90.42051)"
H 26  RD 106  GULSHAN 1,"(23.7805185, 90.420013)"
"H 800/A,RD 16,TILPAPARA,KHILGAON","(23.75722, 90.46443)"
"554/A, NORTH KAFRUL ROAD , SOUTH KAFRUL , PASCHIM KAFRUL","(23.78822, 90.37359)"
"JOYDEBPUR RAILWAY STATION , HOSPITAL RD , 1702","(23.9833, 90.4)"
"HATIRJHEEL LAKE  VIEW POINT 5 , MOGHBAZAR","(23.65, 90.58)"
SORGIYO DUTABASH 181/D JAFRANBUG RESIDENTIAL AREA ROAD WIRELESS MOGBAZAR,"(23.7543357, 90.4066209)"
"HOUSE 11 , ROAD 14 , SECTOR 06 , UTTARA","(23.8667, 90.4)"
"RD 1, BLOCK B , PALLABI","(23.825, 90.37)"
"SATRASTA ROAD , TEJGAON","(23.7574642, 90.3924211)"
"SUJON SAKIB GENERAL STORE , ROAD-11 , SECTOR-01 , UTTARA","(23.8667, 90.4)"
"IBRAHIM MEMORIAL DIABETES CENTER,SHAHBAG,RAMNA","(23.73333, 90.4)"
"MASFI ENTERPRIZE,EASTERN HOUSING,MIRPUR","(23.805, 90.366)"
"UTTARA ADHUNIK MEDICAL COLLEGE.H 4,SONARGAON JANAPATH,SECTOR 13,UTTARA","(23.8667, 90.4)"
"BHAI BHAI HARDWARE & PAINT,ZIRABO TO BISHMAIL RD,RUSTAMPUR,ASHULIA,1342","(24.9145279, 66.9603017)"
"MARIYA STORE , SARULIA , DEMRA","(23.70992, 90.45456)"
"392/1 , 60 FEET , MUKTI HOUSING , DOKKHIN MONIPUR","(23.47172, 91.0612)"
"SOUTH KAFRUL JAME MASJID , SOUTH KAFRUL RD , SOUTH KAFRUL","(23.78822, 90.37359)"
"NEW ESKATON RD , NEW  ESKATON","(23.7472032, 90.3991858)"
"SAMORITA HOSPITAL,PANTHAPATH","(23.7523917, 90.3853287)"
"HOMES 28 , H 99 , MOHAMMADI HOUSING SOCIETY , MOHAMMADPUR","(23.7659, 90.35851)"
"SHAHJAHAN RD , MOHAMMADPUR","(23.7646318, 90.3653633)"
"FARUK GENERAL STORE,H 8/15,RD 1,BLOCK C,LALMATIA","(24.43374, 88.45688)"
ROSHNI BOUTIQUES AND LADIES TAILORS MONESHWAR ROAD DHANMONDI,"(23.74, 90.385)"
"ZAM ZAM CONVENTION HALL MUKTOBANGLA SHOPPING COMPLEX , MIRPUR 1","(23.805, 90.366)"
"BANGLA NEWSPAPER , MONESHWAR RD , HAZARIBAG","(23.66603, 90.44659)"
"SOMALI VILLA , H 146/1 , WAPDA RD , WEST RAMPURA","(23.76261, 90.42051)"
"THE WESTIN,DHAKA,RD 45,GULSHAN 2","(23.7917, 90.4167)"
"SULTANA MANZIL , H 35 RD 10 MERUL BADDA","(24.34671, 90.00523)"
"MOHAMMADPUR TOWN HALL MARKET , ASAD AVE , MOHAMMADPUR","(23.7599623, 90.3661778)"
ISLAM PHARMA,"(23.7516649, 90.3617035)"
"DINE A CHAAP,ROAD 16/A,GULSHAN","(23.7917, 90.4167)"
"THE ARISTOCRAT LOUNGE,WEST DHANMONDI","(23.74, 90.385)"
"RD 14 , SWECTOR 11 , UTTARA","(23.8667, 90.4)"
"GOLCHOTTOR HOUSE,DOHS,MIRPUR","(23.805, 90.366)"
"RANGS NIKETON , ROAD 9 , BLOCK C , NIKETON , GULSHAN , DHAKA","(24.16667, 90.41667)"
"PRIYANKA CITY OFFICE,HOUSE 19,ROAD 8,PRIYANKA CITY,12,UTTARA","(23.8667, 90.4)"
"SANKAR BUSSTOP,SAT MASJID RD,DHANMONDI","(23.74, 90.385)"
"SONY CINEMA HALL CIRCLE , MAIN RD. MIRPUR 1","(23.805, 90.366)"
"HOUSE 78, ROAD 7 , BLOCK H BANANI , DHAKA","(24.16667, 90.41667)"
"TOTAL SERVICE & CLEANING CENTER , ROAD 130 , GULSHAN 1 , GULSHAN","(40.4941041, -3.3416159)"
"H 91/1 , RD 7/A , DHANMONDI","(23.74, 90.385)"
"RD 12,BLOCK D,MIRPUR 6","(23.8020146, 90.3555966)"
"307/1,PROTIVA  ROAD,AHMED NAGAR,PAIKPARA,SENPARA PARBATA,AHMED NAGAR","(24.09326, 89.34041)"
"4/7 BLOCK A,LALMATIA","(23.75701, 90.3738781)"
"DINGI , RESIDENTIAL AREA , DHANMONDI","(23.74, 90.385)"
"NAVANA URBAN DALE,SECTION 13,MIRPUR","(23.805, 90.366)"
"SCHOLASTICA SCHOOL,HOUSE 2,ROAD 8,SECTOR 1,UTTARA","(23.8667, 90.4)"
"BABRI MASJID WEST JAFRABAD , MOHAMMADPUR","(23.7659, 90.35851)"
"BANGLADESH EYE HOSPITAL,SAT MOSJID RD,DHANMONDI","(23.74, 90.385)"
"451/1 , WEST MONIPUR , MUKTI HOUSING , PASCHIM MONIPUR","(23.47172, 91.0612)"
"MODONPUR BUS STOP , DHAKA CHITTAGONG HIGH WAY , BANDAR , NARAYANGANJ, 1361","(23.8333, 90.3333)"
"MEDINET MEDICAL SERVICE , SHAH ALI BAG , MIRPUR 1","(23.805, 90.366)"
"BASUNDHARA D BLOCK,SERVICE ROAD,BLOCK D,BASUNDHARA R/A","(38.5, -0.5)"
"ADOL HASAN SUPER MARKET , SHARIFPUR RD , 1711","(24.0907, 90.4878)"
"FACULTY OF SOCIAL SCIENCE,DU,KAZI NAZRUL ISLAM AVE,UNIVERSITY OF DHAKA","(24.16667, 90.41667)"
"PROPERTY ARK , ROAD 68/A, GULSHAN 2, GULSHAN","(23.7917, 90.4167)"
"LAB QUEST LIMITED,NORTH BADDA","(24.34671, 90.00523)"
"DAKSHIN PIRERBAG JAME MOSJID , 60 FEET ROAD , SOUTH PAIKPARA , MIRPUR 1 , 1000","(23.805, 90.366)"
"JABBAR TOWER , GULSHAN 1 , GULSHAN","(23.7798731, 90.4168969)"
"LABAID SPECIALIZED HOSPITAL , 6 , ROAD 4 , DHANMONDI","(23.741994, 90.3830363)"
"RD 5 , PROMINENT HOUSING , MOHAMMADPUR","(23.7659, 90.35851)"
"REGIOMNAL PASSPORT OFFICE,UTTARA,PLOT 5,RD 4,SECTOR 12,UTTARA","(23.8667, 90.4)"
"103/104 , ROAD 9 , SECTION 6","(22.8933377, 91.5339391)"
"CHAHIDA,XYZ,SECTOR 13,UTTARA","(23.8667, 90.4)"
"NHA APARTMENTS,AZAD AVENUE,MOHAMMADPUR","(23.7659, 90.35851)"
"M/S SAGAR BUILDERS,GULSHAN 2,GULSHAN","(23.7917, 90.4167)"
"ORANGE & HALF CAFE , SQUARE HOSPITAL , WEST RAJABAZAR , INDIRA ROAD , PANTHAPATH","(33.750631, -117.8722311)"
"NIJHUM RESIDENTIAL AREA,JIGATOLA,DHAKA","(23.7370106, 90.3701235)"
"KOLLOL VILLA , 97/2 , GREEN ROAD , TEJGAON","(23.76296, 90.38971)"
"DEPRESSED ZONE,GULSHAN 1","(23.7917, 90.4167)"
"QUAMROOM NOOR, H 9/1, IQBAL RD , MOHAMMADPUR","(23.7659, 90.35851)"
"DHAKA CENTRAL INTERNATIONAL MEDICAL COLLEGE & HOSPITAL,RING RD,SHYAMOLI","(23.773731, 90.3613968)"
"ISCKON GOVINDA HOTEL,KOARTI TOLA RD,NARINDA","(23.71275, 90.41671)"
"108 & 109, SARAK 10 1 , ABSHUNDHARA R/A","(64.1253134, -21.871995)"
"SADIYA PHOTOCOPY AND TELECOM , PURBA GORAN","(23.75027, 90.43413)"
"H 259.RD 9,KHILGAON","(23.75722, 90.46443)"
"QUARTER ROAD,SENPARA PARBATA,MIRPUR","(23.805, 90.366)"
"BANGLADESH TORIQAT FEDARETION ( B.T.F ) , RESIDENTIAL AREA , DHANMONDI","(23.74, 90.385)"
"AB BANK LIMITED ATM , SHANTINAGAR KAKRAIL","(23.73333, 90.4)"
"HARIBAR GULSHAN,GULSHAN 2","(23.7917, 90.4167)"
"GALIB SARANI , TEJKUNIPARA","(23.76667, 90.41667)"
"BUSINESS FACULTY ACADEMIC BUILDING,JASIMUDDIN HALL RD,UNIVERSITY OF DHAKA","(24.16667, 90.41667)"
"RANKHOLA MARKET JAME MASJID,ZOO RD,MIRPUR 2","(23.805, 90.366)"
"SIDDHIRGANJ HOUSING JAME MASJID,SIDDHIRGANJ HOUSING RD 1,SIDDHIRGANJ,NARAYANGANJ,1361","(23.61352, 90.50298)"
"QUEENS KULSUM GARDEN , H 25 , RD 10 , SOUTH BANASHREE PROJECT , RAMPURA","(23.76261, 90.42051)"
"RD 10 , SECTOR 4 , UTTARA","(23.8774676, 90.390129)"
"IFIC BANK LIMITED ( RAYER BAZAR SUB-BRANCH ), RAYER BAZAR ,MOHAMMADPUR","(23.7659, 90.35851)"
"MERCANT GROUP , ROAD 11, SECTOR 9 UTTARA","(23.8667, 90.4)"
"DHAKA CITY COLLEGE,RD 2,DHANMONDI","(23.74, 90.385)"
"BLUS HEADQUARTER.726/12,ADABOR 10,MOHAMMADPUR","(23.7659, 90.35851)"
"SANIAS KITCHEN,JIGATOLA,DHANMONDI","(23.74, 90.385)"
"MANHA IBRAHIM HOME . HOUSE 117 , 119 , RANAVOLA AVENUE . SECTOR 10 , UTTARA 1230. DHAKA .","(33.37312, 44.44557)"
"BNS CENTER , RD 5 , SECTOR 7 , UTTARA","(23.8667, 90.4)"
"EMBASSY OF QATAR,RD 79,GULSHAN 2","(23.7917, 90.4167)"
KALABAGAN BUS STOP MIRPUR RD,"(23.7475556, 90.3805653)"
"TOWHID FOUNDATION , TOLARBAG ,  MIRPUR 1","(23.805, 90.366)"
"UTTARA CRESCENT HOSPITAL , RABINDRA SARANI , SECTOR 3 , UTTARA","(23.8667, 90.4)"
"SHAPTAK MAGNOLIA,HOUSE 409,SHAHID BAKI ROAD,CHOWDHURY PARA,KHILGAON","(23.75722, 90.46443)"
"SAIFURS IT,SECTOR 13,UTTARA","(23.8667, 90.4)"
DARAZ SORT CENTER TEJGAON,"(23.76296, 90.38971)"
"ELANO , DOHS , MIRPUR","(23.805, 90.366)"
"VOOTER ADDA , SHAHID BAKI RD , KHILGAON","(23.75722, 90.46443)"
"UTTARA 14 BAZAR,SECTOR 14","(23.8680706, 90.3829193)"
"IBN SINA , H 27/4, PALASHI RD , LALBAGH","(23.71739, 90.38787)"
"PARINEETA FASHION,SYED NAGAR,NOTUN BAZAR","(25.74442, 88.49186)"
"GREENLAND HOSPITAL LTD,ROAD 13 BHATULIA MOUZA,UTTARA","(23.8667, 90.4)"
"SOFT CLICK , SECTOR 12 , UTTARA","(23.8667, 90.4)"
"BONI & JONY STORE,KESHAB BENARJEE RD,FARASHGANJ","(-3.1789084, 120.6848131)"
"MONIPUR SCHOOL AND COLLEGE  , 60  FEET RD , BOROBAG  , MIRPUR 2","(23.805, 90.366)"
"GOSHBAG JAME MASJID,ASHULIA HIGHWAY,RUSTAMPUR,ASHULIA,1341","(24.3137, 89.6089)"
SAMEN FOOTWEAR EAST GORAN,"(23.75027, 90.43413)"
"RD 4,SECTOR 11,UTTARA","(23.8758406, 90.3932321)"
"BAKE ELEGANCE , MANIKDE AMTOLA RD , MANIKDI , DHAKA CANTONMENT","(23.82444, 90.40556)"
"FAIRYTALE (BEAUTY PARLOUR AND FASHION HOUSE ), SECTOR 11, UTTARA","(23.8667, 90.4)"
"AHSANIA MISSION CANCER & GENRAL HOSPITAL,DHAKA ASHULIA HIGHWAY,SECTOR 10,UTTARA","(23.8036477, 90.3773328)"
"KHUSHBU  BIRIANI HOUSE , GULSHAN 2, GULSHAN","(23.7917, 90.4167)"
"BAITUL MAMUR JAME MASJID , SCHOOL RD , EAST RAMPURA","(23.76261, 90.42051)"
"H 213 , RD 7 , KHILGAON","(23.75722, 90.46443)"
"SUMAN GENERAL,ASHULIA HIGHWAY,RUSTAMPUR,ASHULIA 1341","(24.3137, 89.6089)"
"TSC MOOREBAN,TSC MOR,UNIVERSITY OF DHAKA","(24.16667, 90.41667)"
"UTTARA CENTER METRO STATION,SECTOR 15","(23.8597545, 90.3652035)"
"VATARA MOR JAME MASJID , VATARA ROAD , NATUN BAZAR , BADDA , 1000","(24.34671, 90.00523)"
"H 19,RD 12,MOHAMMADI HOUSING SOCIETY,MOHAMMADPUR","(23.7659, 90.35851)"
"MOMOTAJ SHOPPING COMPLEX , CHAD UDDAN  HOUSING , MOHAMMADPUR","(23.7659, 90.35851)"
"HAZARIBAG PARK , HAZARIBAG","(23.66603, 90.44659)"
"H 21 , ATISH DIPANKAR RD , BASABO","(23.7259354, 90.4286922)"
"H 33/6, TAJMAHAL RD , MOHAMMADPUR","(23.7659, 90.35851)"
"RELIANCE AMIN VILLA,HOUSE 492,ABDUR SADEK ROAD,BLOCK  F,BASHUNDHARA R/A","(-9.376, -171.233)"
"DECK 41 , 47 , ROAD 41 , GULSHAN 2 , GULSHAN","(23.7903402, 90.4126444)"
"AMIR CONFECTIONARY AND GENERAL STORE , BLOCK C , MIRPUR 1","(23.805, 90.366)"
"BAITUL AMAN JAME MASJID , ARAMBAG RESIDENTIAL AREA , MIRPUR 7","(23.805, 90.366)"
"SUNNYDALE,H 19/A,SABRINA SOBHAN 4TH AVENUE,BLOCK H, BASUNDHARA R/A","(52.44889, 9.74)"
"CONCORD ( RESIDENTIAL ) TOWER , H 113 , KAZI NAZRUL ISLAM AVE , KAWRANBAZAR , RAMNA","(23.73333, 90.4)"
"UNITED PENTECOSTAL CHURCH OF BANGLADESH,MIRPUR 2","(23.805, 90.366)"
"UCY , SECTOR 18 , UTTARA","(23.8667, 90.4)"
"ROAD 2,HOUSE 4,BLOCK E,MIRPUR 2,1000","(23.729, 90.4112)"
"93,ROAD 12, C","(23.7729313, 90.4277866)"
MA O SHISHU SHASTHO HOSPITAL SALIMULLAH ROAD MOHAMMADPUR,"(23.7659, 90.35851)"
"MASJIDUL AKBAR,RD 9,MIRPUR 1","(23.8018937, 90.3534812)"
"SHAWARMA HOUSE ( 60 FEET BRANCH ) , BAREK MOLLAR MORE , MIRPUR","(23.805, 90.366)"
"BONEDI BAZAR,SECTOR 7,UTTARA","(23.8667, 90.4)"
"EXPORT ZONE , 02, PALLABI , MIRPUR 12","(23.805, 90.366)"
PROBASH MOHANAGAR PROKOLPO RAMPURA,"(23.76261, 90.42051)"
"PALLIMA SANGHSAD,H 841 C,SHAHID BAKI SARAK,TALTOLA,KHILGAON","(23.75722, 90.46443)"
"GREENLINE BUS , OUTER CIRCULAR RD , RAJARBAG , SHANTIBAGH , MALIBAGH","(23.7417046, 90.4181239)"
"24, GREENWAY ROAD , WIRELESS, MOGBAZAR","(23.752819, 90.4075804)"
"DOINIK SHONDHANI , BARTA , BLOCK D , MIRPUR 12","(23.805, 90.366)"
HOUSE KA-9A ROAD 12 BLOCK K BARIDHARA,"(23.80254, 90.42117)"
"ANWAR KHAN MODERN MEDICAL COLLEGE , RD 7 , DHANMONDI","(23.74, 90.385)"
"NURERCHALA KANCHA BAZAR , NURER CHALA KACHA BAZAR , NOTUN BAZAR","(25.74442, 88.49186)"
"HOUSE 33,ROAD 13,SECTOR 12,UTTARA","(23.8667, 90.4)"
"CAPITAL BOOK BINDING WORKS , TIKATULI , WARI","(23.71667, 90.41667)"
"RD 18 , SECTOR 7 , UTTARA","(23.872197, 90.3944093)"
"RD 10A, RANAVOLA , UTTARA","(23.8667, 90.4)"
"POLICE CONVENTION HALL,OLD ELEPHANT RD,OLD ESKATON","(23.7450103, 90.4020768)"
"UNIMED UNI HEALTH , RD 27 , DHANMONDI","(23.74, 90.385)"
"RD 71,GULSHAN 2","(23.7947055, 90.4023902)"
"AMARYLLIS , HOUSE 1207 , ROAD 10 , DOHS , MIRPUR","(23.805, 90.366)"
"AL MAMUN GENERAL STORE,161,EAST RAJABAZAAR,DHANMONDI","(23.74, 90.385)"
"RD 15,MOHAKHALI DOHS","(23.7807594, 90.3952941)"
"MEET N CHEEZ,RUPNAGAR R/A,MIRPUR 2","(23.805, 90.366)"
"LOVELY CINEMA HALL , DHAKA SYLHET HIGHWAY , KATCHPUR , NARAYANGANJ , 1361","(23.8333, 90.3333)"
"MONTANA LOUNGE,GULSHAN 2,GULSHAN","(23.7917, 90.4167)"
"IBA,UNIVERSITY OF DHAKA,JASIMUDDIN HALL RD,UNIVERSITY OF DHAKA","(24.16667, 90.41667)"
"JABA NILOY , HOUSE 5F/7F , ROAD 11, SECTOR 3 , UTTARA","(23.8667, 90.4)"
"SOI7,ROAD 7,DHANMONDI","(23.74, 90.385)"
"ECB CHATTAR , MATIKATA","(23.8225769, 90.3934333)"
"INTER CONTINENTAL DHAKA 1, MINTO ROAD , WIRELESS , PALTAN","(23.73625, 90.41426)"
"WELKIN TELECOM INFRA(BD) PRIVATE LIMITED , ROAD 29, GULSHAN 1, GULSHAN","(23.7917, 90.4167)"
"MA STATIONARY ,S ECTOR 11, UTTARA","(23.8667, 90.4)"
"HITECH MULTICARE HOSPITAL , SOUTH KAFRUL RD , SOUTH KAFRUL , KAFRUL","(23.78822, 90.37359)"
"KHAJA MONJIL,2/10,ROAD NO 7,LALMATIA","(24.43374, 88.45688)"
"IBN SINA DIAGONISTIC & CONSULTATION CENTER(BADDA),BHABAN 2,NORTH BADDA","(23.7452734, 90.3724108)"
"SHIMANTO CONVENTION CENTER , RESIDENTIAL AREA , DHANMONDI","(23.7380307, 90.3776137)"
"BIHONGO 3/D,SHAHEED MOINUR ROAD,DHAKA CANTONMENT,DHAKA","(24.16667, 90.41667)"
"H 8 , RD 16 , NIKUNJA 2","(23.8339024, 90.4164755)"
"MUSLIM BAZAR , BLOCK D, MIRPUR 12","(23.805, 90.366)"
"HOUSE 07,ROAD 11,SECTOR 06,UTTARA","(23.8667, 90.4)"
"WILLES LITTLE FLOWER SCHOOL AND COLLEGE,KAKRAIL","(23.738205, 90.4073127)"
"KIB CONVENTION HALL , KHAMAR BARI ROAD , KHAMAR BARI","(23.7592844, 90.3854588)"
"NHA GARDEN CITY SHYAMOLI,BUILDING 5,MOHAMMADPUR","(23.7659, 90.35851)"
"SKY DINE ROOFTOP RESTURANT,ROAD 4,NIKETON,GULSHAN","(23.7917, 90.4167)"
"DHAKA DECOR,SECTOR 7,UTTARA","(23.8667, 90.4)"
"TARBUSH ARABIAN RESTAURANT , ROAD 83 , GULSHAN  2 , GULSHAN","(23.7917, 90.4167)"
"IEB TENNIS COURTS, MAOLANA BHASANI ROAD, FAKIRAPOOL, PALTAN","(23.7333127, 90.4013399)"
"KALABAGAN BUS STOP , MIRPUR RD , DHANMONDI","(23.7475556, 90.3805653)"
"CURE MEDICAL CENTER & HOSPITAL,GULSHAN 2","(0.2867515, 32.5688322)"
"SHYAMPUR BUS STOP , DHAKA NARYANGANJ LINK ROAD , FARIODABAD , KERANIGANJ","(24.75003, 88.07271)"
"PRINCE BAZAR LTD,SHYAMOLI,MOHAMMADPUR","(23.7659, 90.35851)"
"JAFRAN RESTAURA AND CATERING , SECTOR 13 , UTTARA","(23.8667, 90.4)"
"TASTEBUD BANANI , ROAD 12A , BANANI MODEL TOWN","(23.79142, 90.40491)"
"m/s antora pharmacy , mirpur road , taltola , shyamoli","(23.77438, 90.36538)"
"REZA AUTO DRY CLEANERS , H 26/1 , TAJMAHAL RD , MOHAMMADPUR","(23.7659, 90.35851)"
"GERMAN CLUB , GULSHAN 2 , GULSHAN","(23.793577, 90.4197537)"
"SKY LOUNGE , BLOCK D , MIRPUR 2","(23.805, 90.366)"
"LONDON INTERNATIONAL SCHOOL  , ROAD 1 ,  BLOCK  A , GULSHAN 1 , GULSHAN","(23.7917, 90.4167)"
"DIABARI GREEN CITY SECTOR 15,UTTARA","(23.8667, 90.4)"
"NARAIL AIR TRAVELS AND TOURS, SECTOR 15, UTTARA","(23.8667, 90.4)"
"LIGHTHOUSE INTERNATIONAL SCHOOL (LTS) , ROAD 23 , GULSHAN 1 , GULSHAN","(23.7917, 90.4167)"
"BONDHU HOTEL & RESTAURANT , KHILKHET SHEIKH  SHAHEB PARA","(23.6735594, 90.5199375)"
"RIAZ GENERAL STORE , H 34 , RD 4 , SECTOR 11 , UTTARA","(23.8667, 90.4)"
"EMBASSY OF DENMARK,MADANI SARANI,GULSHAN NORTH AVENUE,GULSHAN 22","(23.7917, 90.4167)"
"JAHAN ARA CLINIC LTD,SECTOR 1,UTTARA","(23.8667, 90.4)"
"LOMON TEA STORE , RAJBARI","(23.66667, 89.55)"
"GC STREET,SECTOR 7,UTTARA","(23.8667, 90.4)"
"BAGHA CLUB , ROAD 44 , GULSHAN 2 , GULSHAN","(23.7919042, 90.4142002)"
"KACCHI BHAI, BASUNDHARA ROAD, BASUNDHARA MAIN GATE, BASUNDHARA R/A","(38.5, -0.5)"
"HOTEL 71, SAYED NAZRUL ISLAM SHARANI , FAKIRAPOOL , PALTAN","(23.73625, 90.41426)"
"JISAN CONVENTION CENTREM,ZINZIRA RAMERKANDA RD,KERANIGANJ","(24.75003, 88.07271)"
"NUMBER 11 GOLI , GOPIBAG , JATRABARI","(23.720033, 90.4252828)"
"MDC MODEL  SCHOOL AND COLLEGE , BLOCK B , MIRPUR 12","(23.805, 90.366)"
"BASHUNDHARA D BLOCK ,SERVICE ROAD , BLOCK D , BASHUDNHARA R/A","(38.5, -0.5)"
"BANGLADESH TELIVISION (BTV),TV RD,EAST RAMPURA","(23.76261, 90.42051)"
"BRAC UNIVERSITY (NEW CAMPUS),DIT RD,MERUL BADDA","(24.34671, 90.00523)"
"STAR CINEPLEX , BANGABANDHU MILITARY MUSEUM , BIJOY SARANI , DHAKA","(24.16667, 90.41667)"
"BIJOY RAKEEN , LINE 3, MIRPUR 13","(23.805, 90.366)"
"SUMON TEA STORE , SHYAMOLI , MUHAMMADPUR","(23.40153, 89.59731)"
"SIGREE , H 1, RD 12 , BLOCK B, MIRPUR 12","(23.805, 90.366)"
"CLOUD COFEE,WEST SHEWRAPARA,MIRPUR","(23.805, 90.366)"
"100,ROAD 13A,BANANI","(23.7913307, 90.4048586)"
"PRESIDENCY UNIVERSITY , 11 A ROAD 92 GULSAHN 2 GULSHAN","(23.7917, 90.4167)"
"MODHUMOTI MODEL TOWN,1347","(24.3137, 89.6089)"
"GOLARTEK EIDHGAH MASJID , GOLARTEK MASJID RD , PALPARA","(24.39518, 88.82721)"
"KHALID BIN WALID MASJID , ROAD 6A , SECTOR 10 , UTTARA","(23.8667, 90.4)"
"BGMEGA COMPLEX , SECTOR 17 , UTTARA","(23.8667, 90.4)"
"IBN SINA DIAGNOSTIC & CONSULTATION CENTER,GARIB E NEWAZ AVE,SECTOR 13,UTTARA","(23.8082653, 90.357622)"
"DHAKA COMMERCE COLLEGE,MIRPUR 2","(23.806746, 90.3529347)"
"SUGARBD,COM,ROAD 9,SECTOR 3,UTTARA","(23.8667, 90.4)"
"deputy police commissioner's office (west) dmp , iqbal road , mohammadpur","(23.7659, 90.35851)"
"RIYAD STORE , H 18/13/A , TOLLABAG LN , WEST DHANMONDI","(23.74, 90.385)"
"H 21,RD 22,BANANI","(23.795584, 90.4071866)"
"ANWAR KHAN MODERN MEDICAL COLLEGE , H 22 , RD 8 , DHANMONDI","(23.74, 90.385)"
"CAFE PIZZA HOUSE , SECTOR 7 , UTTARA","(23.8667, 90.4)"
"741 742 , SABRINA SOBHAN 4TH AVENUE ROAD , BLOCK D , BASUNDHARA R/A","(38.5, -0.5)"
"DREAM LAND 3 , VATAPARA RD , SAVAR , 1340","(23.8442, 90.2511)"
"DHANMONDI 9/A , WEST DHANMONDI","(23.7460225, 90.3738966)"
"P0LIC CONVENTION HALL, OLD ELEPHANT ROAD, WIRELESS, PALTAN","(23.73625, 90.41426)"
"CAMBRIAN SCHOOL AND COLLEGE , SUGANDHA ROAD , NARAYANGANJ","(23.61352, 90.50298)"
"KHANPUR LAL MOSQUE , KHANPUR MAIN RD , KHANPUR , NARAYANGANJ SADAR , NARAYANGANJ , 1400","(23.61352, 90.50298)"
"JIYON BOUTIQUE RESORT,MODHUMOTI MODEL TOWN,AMINBAZAR","(23.78457, 90.33013)"
"ASSOLOATE , RESIDENTIAL AREA , DHANMONDI","(23.74, 90.385)"
"H 11, KADAMTALA HIGH SCHOOL RD , SABUJBAG","(23.03077, 89.38848)"
"STATE BANK OF INDIA , COUNTRY OFFICE BANGLADESH OPERATIONS , GULSHAN 2","(23.7917, 90.4167)"
"FAYZA FASHION TAILORS , H 40/B , RD 4/A , JIGATALA","(25.15867, 89.66515)"
"H 32/A ,STATION RD , TEJKUNIPARA","(23.76667, 90.41667)"
"UTTARA UNIVERSITY,MIRPUR RD,UTTARA","(23.8667, 90.4)"
"INNER CIRCLE PRIVATE LIMITED , ROAD - 113/A, GULSHAN 2, GULSHAN","(23.7917, 90.4167)"
"SUCHONA COMMUNITY CENTER , RING RD , MOHAMMADPUR","(23.7659, 90.35851)"
"HOUSE 34 , ROAD 11 , SECTOR 4 , UTTARA","(23.8667, 90.4)"
"MANARAT INTERNATIONAL UNIVERSITY  ( GULSHAN CAMPUS ) , ROAD 106 , GULSHAN 2 , GULSHAN","(23.7917, 90.4167)"
"MULOVI SALEK LANE,WEST DHANMONDI","(23.7417419, 90.3702009)"
"SHAINIK CLUB BUS STOP  , BANANI","(23.7906785, 90.4002024)"
"PREZZIE , ROAD 27 ( OLD ), DHANMONDI","(23.74, 90.385)"
"AJOMPUR RAIL GATE,SECTOR 4,UTTARA","(23.8667, 90.4)"
HOUSE 17 ROAD 14 SECTOR 3 UTTARA,"(23.8667, 90.4)"
"WORLD BANK SYED MAHBUB MORSHED AVE , SHER E BANGLA NAGAR","(23.7736857, 90.373312)"
39/6 EAST HAZI PARA ( BOY BAZAR ) RAMPURA DHAKA,"(24.16667, 90.41667)"
"MASTER BARI , NURPUR","(23.20128, 89.18382)"
"POPPY GENERAL STORE , SOUTH KAFRUL RD , SOUTH KAFRUL , KAFRUL","(23.78822, 90.37359)"
"LIXIT EXPERIENCE CENTRE ( BANGLADESH ) , GULSHAN 2, GULSHAN","(23.7917, 90.4167)"
"SARA SARKER VILLA , HOUSE 218/5/A, KAMAL SORONI , AGARGAON , MIRPUR","(23.805, 90.366)"
"PURTO BHABAN MASJID , MOULANA BHASANI RD , RAMNA","(23.73333, 90.4)"
"IFIC BANK ATM , H 17 , RD 6 , DHANMONDI","(23.74, 90.385)"
"PIZZA.COM, BOSILA , MOHAMMADPUR","(23.7659, 90.35851)"
"CHAND MIA HOUSING JAME MASJID , RD 2, MOHAMMADPUR","(23.7659, 90.35851)"
"CITY CORPORATION HAWKERS MARKET,AHSANULLAH RD,WISE GHAT,KOTWALI","(25.74664, 89.25166)"
"KABAB FACTORY,SECTOR 7,UTTARA","(23.8680851, 90.3940191)"
"DHAKA CANCER AND GENERAL HOSPITAL , RESIDENTIAL AREA , DHANMONDI","(23.74, 90.385)"
YELLOW DHANMONDI RESIDENTIAL AREA,"(23.7389189, 90.3807849)"
"ARAFAT DENTAL CARE,BLOCK D,MIRPUR 1","(23.805, 90.366)"
"PHARMACY MEDICAL CENTER & PHARMACY , TARGACH CHANDORA RD , 1711","(36.8584027, -76.3054313)"
"24A , ROAD 107 , GULSHAN 2 , GULSHAN","(23.7916304, 90.4195598)"
"THE GREAT KABAB FACTORY , RESIDENTIAL AREA , DHANMONDI","(23.74, 90.385)"
"NOBOUDOY MONJUREE,H 2,RD 8,MOHAMMADI HOUSING SOCIETY,MOHAMMADPUR","(23.7659, 90.35851)"
"AMERICAN EMBASSY MADANI AVE , BARIDHARA","(23.80254, 90.42117)"
"PUSTI DAIRY FARM SWEETS & BAKERY,BASABO BUDDHO MONDIR,BASHABO","(23.7635762, 90.3626253)"
TREAT CAFE & RESTAURANT,"(13.8327154, 100.5882565)"
"IMPETUS CENTER,BIR UTTAM MIR SHAWKAT SARAK,EAST NAKHALPARA,NIKETAN","(23.7705526, 90.4038176)"
"RADHUNIR RANNA , ADABOR , MOHAMMADPUR","(23.7659, 90.35851)"
"DHAKA WOMEN COLLEGE , RD 27 , SECTOR 7 , UTTARA","(23.8667, 90.4)"
"MASTER LIBRARY & STUDIO , ASHULIA HIGHWAY , RUSTAMPUR , ASHULIA , 1341","(11.638775, 75.5728727)"
"IBN SINA DIAGONISTIC & CONSULTATION,UTTARA(BUILDING 3),SECTOR 13","(23.7452734, 90.3724108)"
"NSU ADMIN  BUILDING , NSU DRIVEWAY , BLOCK B , BASUNDHARA R/A","(38.5, -0.5)"
"AQUADECK AT INTERCONTINENTAL DHAKA.SHAHBAGH,RAMNA","(23.73333, 90.4)"
"RD 2,AFTAB NAGAR PROJECT,BADDA","(24.34671, 90.00523)"
"118/3, MIDDLE PAIKPARA , AHMEDNAGAR , MIRPUR -1, DHAKA -1216 , MIRPUR 1","(28.02271, 69.54886)"
"OGSB HOSPITAL , BLOCK C, MIRPUR 13","(23.805, 90.366)"
"SHIYAL BARI CIRCLE BUS STOP , RUPNAGAR","(22.13291, 91.98371)"
"ATAUR STORE , ROAD 15 ,. SECTOR 11, UTTARA","(23.8667, 90.4)"
"KASHEM OPTICAL , TEKPARA , NORTH BADDA","(24.34671, 90.00523)"
"RAMNA PS , SAHID CAPTEN MUNSUR ALI AVENUE, WIRELESS, PALTAN","(23.7453751, 90.4044018)"
"HOUSE 13 , ROAD 10B , SECTOR 11, UTTARA","(23.8667, 90.4)"
"HOUSE 524 , ROAD 9 , WEST NAKHALPARA, TEJGAON","(23.76296, 90.38971)"
"ELORA.COM.BD. KATASHUR , MOHAMMADPUR","(23.7659, 90.35851)"
"GOVERNMENT OFFICERS QUARTER MOSQUE , RUPNAGAR RESIDENDIAL AREA , MIRPUR","(23.805, 90.366)"
"PIZZA HUT , RD 140, GULSHAN 1","(23.7912993, 90.401623)"
"UNITED HOSPITAL, RD 72 , GULSHAN 2","(23.7917, 90.4167)"
"M/S ALIF TRADERS , B K DAS RD , FARASHGANJ","(22.85938, 90.90589)"
34 ROAD 7 SECTION 12,"(22.8933377, 91.5339391)"
"NATIONAL BANK LIMITED,BANGABANDHU SARAK,NARAYANGANJ SADAR,NARAYANGANJ 1400","(23.7219, 90.5789)"
"matikata mp check post , mirpur dohs link rd , matikata","(25.14906, 88.65018)"
"8 , FELANI ROAD , GULSHAN 1 , ,GULSHAN , 1212","(23.7763353, 90.4175609)"
"AMTOLA KANCHA BAZAR , SENPARA PARBATA , MIRPUR 10","(23.805, 90.366)"
"HUNGRY PEOPLES , UTTAR BADDA , BADDA","(24.34671, 90.00523)"
"PALLABI,MIRPUR 12","(23.8261574, 90.3641863)"
"RD 41, GULSHAN 2","(23.7947055, 90.4023902)"
"HOUSE 10,ROAD 9/A,SECTOR 7,UTTARA","(23.8667, 90.4)"
"MIM PLANNING VIEW , ZAFRABAD ,  MOHAMMADPUR","(23.7659, 90.35851)"
"EMINENCE INTERNATIONAL SCHOOL & COLLEGE,GULSHAN 2,GULSHAN","(45.14914, 11.82057)"
"AHSANIA MISSION RD,MIRPUR 13","(23.8036477, 90.3773328)"
"CENTURYS SWEETS & BAKERY,KEMAL ATATURK AVENUE,BANANI","(17.05, -61.8)"
"DHANMONDI 32 NO. BRIDGE,RD 32,DHANMONDI","(23.74, 90.385)"
"DAO XIANG CUN , 32 ROAD 100 , GULSHAN 2, GULSHAN","(23.7923986, 90.4171521)"
"POWER STATION COOPERATIVE MARKET RD 10 , ADAMJEE , SHIDDHIRGANJ , NARAYANGANJ 1400","(23.7219, 90.5789)"
"COLLEGE OF AVIATION,TECHNOLOGY,H 14,RD 2,SECTOR 11,UTTARA","(23.8667, 90.4)"
"ASHA CENTER , HOUSE -44 , ROAD -16 , SECTOR -13 , UTTARA","(23.8667, 90.4)"
"MAA ENTERPRISE , KACHUKHET, DHAKA , CANTONMENT","(23.82444, 90.40556)"
"NORTHERN LIONS R.P. TOWER , ZOO ROAD , BLOCK D , MIRPUR 2","(23.805, 90.366)"
"ABDULLAHPUR BUS STAND,UTTARA","(23.8667, 90.4)"
"BANDHAN , 8/5, 8/6, BLOCKM A, LALMATIA","(24.43374, 88.45688)"
"MASJID-UL-TAQWA , RESUDENTIAL AREA DHANMONDI","(23.74, 90.385)"
26 road 11 nikunja 2 badda,"(24.34671, 90.00523)"
BASHER PULL,"(23.7183539, 90.4844157)"
"SEASON GROUP , SECTOR 3 , UTTARA","(23.8667, 90.4)"
"BRIDGE ROSEN JINNAH , HOUSE 816 , ROAD 12 , BLOCK I , BASHUDNHARA R/A","(38.5, -0.5)"
"GOLAKATA BRIDGE,SARULIA,DEMRA","(23.70992, 90.45456)"
"MIRPUR BENAROSHI PALLI GATE , MIRPUR 10","(23.805, 90.366)"
"PRIYO LTD,RESIDENTIAL AREA,DHANMONDI","(23.74, 90.385)"
"BANGLADESH BUS STOP , BANGLAMOTOR , RAMNA","(23.73333, 90.4)"
"ABESH HOTEL BIRYANI HOUSE , AVENUE-2/2 , MIRPUR .","(23.805, 90.366)"
"SUN PHARMACITICIAL BD LTD,JOYDEBPUR RD,1702","(23.9833, 90.4)"
"GOVERNMENT GRAPHIC ARTS INSTUTE , ZAFRABAD , MOHAMMADPUR","(23.7659, 90.35851)"
"DAILY SHOPPING,ROAD 11,SECTOR 3,UTTARA","(23.8667, 90.4)"
"SHELTECH KANAKCHAPA , RAYER BAZAR MOHAMMADPUR","(23.7659, 90.35851)"
"HOUSE 84 , ROAD 12 ,SECTOR 10 , UTTARA","(23.8667, 90.4)"
"JAYAG,SONAIMURI,NOAKHALI","(22.81763, 91.08945)"
"AL -ARAFAH ISLAMI BANK PLC , RESIDENCIAL AREA , DHANMONDI","(23.74, 90.385)"
"MAGISTRATE COURT,UTTAR CHAYABITHY RD,1702","(23.9833, 90.4)"
"THINK BPO PRO LIMITED , IQBAL ROAD , MOHAMMADPUR","(23.7659, 90.35851)"
"PUBLIC TOILET , GULSHAN 2","(23.7917, 90.4167)"
"HATIR JHEEL,DHAKA","(23.7712236, 90.4211728)"
"SUNNYDALE , H 19/A , SABRINA SOBHAN 4TH AVE , BLOCK H , BASHUNDHARA R/A","(52.44889, 9.74)"
"JUSTICE SHAHABUDDIN AHMED PARK, GULSHAN 2","(23.798163, 90.4149208)"
"19, ROAD 23 , SECTION 6","(22.8933377, 91.5339391)"
"NASIR STORE,20,NUR FATEH LANE,LALBAGH,1211","(23.8196, 90.364)"
"AL AMIN TEA STALL , EASTERN HOUSING , MIRPUR","(23.805, 90.366)"
"SHAHEERA BEGUM COMPLEX , SECTOR 4 , UTTARA","(23.8667, 90.4)"
"JAHANGIRNAGAR HOUSING RD,SAVAR,1340","(23.860325, 90.2563999)"
"UNIVERSITY MEDICAL COLLEGE & HOSPITAL LTD , ARJATPARA RD , MOHAKHALI","(64.85694, -147.80278)"
"JANATA HOUSING WATER PUMP , ADABAR MOHAMMADPUR","(23.7659, 90.35851)"
"ANANDO BARI , H 54, SHER E BANGLA RD , MOHAMMADPUR","(23.7659, 90.35851)"
"AVERROES INTERNATIONAL SCHOOL,ROAD NO 7,LALMATIA","(23.7573682, 90.369018)"
"ENAM MEDICAL COLLEGE AND HOSPITAL , THANA RD , 1340","(23.8442, 90.2511)"
"H 698 , KAMAL KHAN RD , IBRAHIMPUR","(24.07203, 90.94861)"
"MUNSIBARI,H 29,MUNSHI BARI RD,JIGATALA","(25.15867, 89.66515)"
"HOSSAIN MARKET , NORTH BADDA ,","(23.7834687, 90.4260467)"
"KHAN VILLA , MOHAMMADIA RESIDENTIAL AREA , MOHAMMADPUR","(23.7659, 90.35851)"
"bangladesh army stadium , dhaka cantonment","(23.8056136, 90.404193)"
"LINE 10,BLOCK A,MIRPUR 10","(23.805, 90.366)"
"RD 7 , SECTOR 10 , UTTARA","(23.8772439, 90.3926694)"
"ORIENTAL MIRROR,RESIDENTIAL AREA,DHANMONDI","(23.74, 90.385)"
shahjalal international airport domestic terminal,"(23.8464912, 90.4064532)"
"ABADIL ACADEMY,ROAD NO 8,DAKKHIN BADDA,GULSHAN","(23.7917, 90.4167)"
"BANGLADESH CHINA FRIENDSHIP,EXHIBITION CENTER,SECTOR 21,PURBACHAL","(23.8426962, 90.5338706)"
"AMTOLI JAME MASJID,NEW AIRPORT ROAD,MOHAKHALI","(23.7851699, 90.3992744)"
"THERAPY POINT , SECTOR 5 , UTTARA","(23.8667, 90.4)"
"NUR MOHAMMAD KAWSER , BAIGERTEK , DHAKA CANTONMENT","(23.82444, 90.40556)"
"H 490, SHAHID BAKI SARAK, TALTOLA, KHILGAON","(23.75722, 90.46443)"
"HOUSE-19 , ROAD-19 , SECTOR-13 , UTTARA","(23.8707176, 90.3857822)"
"CHAND MIA HOUSING JAME MASJID , RD 2 , MOHAMMADPUR","(23.7659, 90.35851)"
"157 , ROAD 7 , SECTION 12","(22.8933377, 91.5339391)"
"ALAUDDIN MOR,EAST AHMADNAH=GFAR,MIRPUR 1","(23.805, 90.366)"
"BEANS & AROMA COFFEES,ROAD 18,SECTOR 3,UTTARA","(36.3314781, -83.3679536)"
"44,ROAD 5,NIKUNJA 2","(23.8300457, 90.4175544)"
"TRANSCOM , H 28/B , RD 27 , DHANMONDI","(23.74, 90.385)"
"MAHFUJ GENERAL STORE , CA 59 , KHANBAG  MASJID RD , NORTH BADDA","(24.34671, 90.00523)"
"BAHADURSADI , KALIGANJ , GAZIPUR","(25.25, 89.5)"
"HAIRBOX PREMIUM SALON , GULSHAN 2, GULSHAN","(23.7917, 90.4167)"
"AC BAZAR INDUSTRYS LIMITED,HOUSE 113/C,ROAD 7,SECTOR 4,UTTARA,DHAKA,1230","(24.16667, 90.41667)"
"GORAN  TEMPUSTAND , BAGAN BARI RD , GORAN","(23.75027, 90.43413)"
"PALLABI POLICE STATION,MIRPUR,DHAKA,1216","(23.8260228, 90.3664322)"
"BASAB BD,HATRPOOL,KATABAN","(21.91443, 90.41952)"
SHAH ALI BAGH,"(23.7974702, 90.3563554)"
"281 EAST NAKHAL PARA , TEJGAON , DHAKA 1215","(24.16667, 90.41667)"
"ENA LAKE RESORT,GULSHAN LAKE VIEW,MIDDLE BADDA","(24.34671, 90.00523)"
"VIP COUNTER,MANIK MIA AVENUE,DHANMONDI","(23.7585212, 90.3752297)"
"BRAC  UNIVERSITY  ( NEW CAMPUS ) , DIT RD , MERUL  BADDA","(24.34671, 90.00523)"
"DHAKA MEDICAL HOSPITAL 2,ZAHIR RAIHAN SARANI,DHAKA MEDICAL COLLEGE","(64.85694, -147.80278)"
"BIROTI RESTORA , STATION RD , KAMALAPUR","(23.73723, 90.42533)"
"RAYHAN STORE,BASHPOTTI RD,SHONIR AKHRA","(24.9058, 88.77014)"
"H 971, BEGUM ROKEYA SARANI , WEST SHEWRAPARA","(23.7911846, 90.3754806)"
"KACHUKHET , KAFRUL","(23.78822, 90.37359)"
"ARIF VILLA , E 4 , SHAHID AVE , MOHANAGAR HOUSING PROJECT , RAMPURA","(23.76261, 90.42051)"
"A R SUPER STORE , SECTOR 7 , UTTARA","(23.8667, 90.4)"
RUAO SECTOR 18 UTTARA,"(23.8667, 90.4)"
"ORON  NATION FITNESS BD , GULSHAN 1 , GULSHAN","(23.7917, 90.4167)"
"MOJUMDAR FOUNDATION MOSJID,DHOLIPARA,UTTARA","(23.8667, 90.4)"
"23a, road 113a, gulshan 2, gulshan","(23.7917, 90.4167)"
"SHIKHA ANIRBAN,SHAHID SARANI,DHAMALKOT,DHAKA CANTONMENT","(23.82444, 90.40556)"
"APOLLO HOSPITAL BASEMENT MASJID,H 81,STS AVE,BLOCK E,BASHUNDHARA R/A","(0.96675, 33.82622)"
"BRAC UNIVERSITY RESIDENTIAL CAMPUS , BIRULIA AKRAN RD , ASHULIA","(23.8677115, 90.3087041)"
"SIDDIQE, MIRPUR RD , DHANMONDI","(23.7349317, 90.3845783)"
"GOVT BANGLA COLLEGE,MIRPUR 1","(23.805, 90.366)"
"HOUSE BUILDING BUS STOP , SECTOR 6, UTTARA","(23.8667, 90.4)"
"BISMILLAH TELECOM PRS , INDUSTRIAL AREA , TEJGAON","(23.76296, 90.38971)"
"TIJARA MOTORSS LTD,NIKETON,GULSHAN","(23.7917, 90.4167)"
"BAYEZID CORPORATE SOLUTION , TOLARBAGH , MIRPUR 1","(23.805, 90.366)"
"ARIYAN'S FRAME  , CHANDMIYA , HOUSING , MOHAMMADPUR","(23.7659, 90.35851)"
"BONO BHABAN , BIR UTTAM A.K . KHANDAKAR ROAD , MOHAKHALI , GULSHAN","(23.7807309, 90.3999008)"
"15 , SIDDESHWARI ROAD , WIRELESS , PALTAN","(23.7440497, 90.4098251)"
"JABBAR TOWER,H 42,RD 135,GULSHAN 1","(23.7917, 90.4167)"
"DHAKESHARI TEMPLE , DHAKESHWARI RD , PALASHI , LALBAG","(25.72591, 89.25457)"
"OBONI FASHION , H 4/ 14 , RAZIA SULTANA RD, MOHAMMADPUR","(23.7659, 90.35851)"
"H 18 , RD 5, KADERABAD HOUSING , MOHAMMADPUR","(23.7659, 90.35851)"
"DHALAI KARKHANA LINK RD , EAST RAYER BAZAR","(25.74442, 88.49186)"
"ROAD 08,MIRPUR DOHS,MIRPUR 12","(23.8338115, 90.3675309)"
"ZIGATOLA BUS STAND , JIGATOLA , DHANMONDI","(23.74, 90.385)"
"KALLYANPUR GIRLS SCHOOL AND COLLEGE,KALLYANPUR MAIN  RD","(23.7822667, 90.3593307)"
"FURNITEX LIMITED EXPERIENCE CENTER,RESIDENTIAL AREA,DHANMONDI","(23.74, 90.385)"
"1/1, BEPARI GOLI, WIRELESS , MOGBAZAR","(23.750986, 90.4087169)"
"ANA RANA VILLA,H 24/8,TAJMAHAL RD,MOHAMMADPUR","(23.7659, 90.35851)"
"COMFORT DIAGNOSTIC CENTER, GREEN RD , DHANMONDI","(23.7492011, 90.3862306)"
"MOSHARRAF TEA STALL , TURAG TIR , UTTARA","(23.8667, 90.4)"
OFFICERS CLUB BAILY RD RAMNA,"(23.7423245, 90.4050489)"
"LN 2,BLOCK C,MIRPUR 10","(23.805, 90.366)"
"AIRPORT RAIL STATION , DHAKA","(24.16667, 90.41667)"
"GULSHAN CENTRAL MASJID , GULSHAN 2 , GULSHAN","(23.7901058, 90.4145785)"
"SUMONA AMN,H 246,RD 3,MOHAMMADI HOUSING SOCIETY,MOHAMMADPUR","(23.7659, 90.35851)"
"KULLA,DHAMRAI,DHAKA","(23.8771402, 90.2138357)"
"SHER E BANGLA AGRICULTURAL UNIVERSITY,SHER E BANGLA NAGAR","(23.7719857, 90.375502)"
"HOTEL NANDINI , SHUKRABAD , DHANMONDI 32","(23.74, 90.385)"
"WHITE PALACE CONVENTION HALL,RING ROAD,MOHAMMADPUR","(23.7740268, 90.3623923)"
"FM RICHVIEW , HOUSE 349/A , ROAD 9 , BLOCK C , BASUNDHARA R/A","(38.5, -0.5)"
"BANGLADESH EYE HOSPITAL,MIRPUR,BLOCK D,MIRPUR 2","(23.805, 90.366)"
"MANNAN HIGH SCHOOL MARKERT,DHAKA DEMRA HIGHWAY,SHOMIR AKHRA","(24.9058, 88.77014)"
"H 17,RD 15,NIKUNJA 2","(23.8335443, 90.4165704)"
"AKHI MOBILE CENTER & SALMA STORE , HATIRJHEEL LINK RD , NIKETON","(7.25, 2.16667)"
"RD 8,SECTOR 1,UTTARA","(23.8628957, 90.396811)"
"H D 6 , RD 2 , MOHANAGAR HOUSING PROJECT , RAMPURA","(23.76261, 90.42051)"
"S HAQUARE TRADERS , DHAKA UDDAN , MOHAMMADPUR","(23.7659, 90.35851)"
"JAMPUR , SONARGAON , NARAYANGANJ","(23.61352, 90.50298)"
"319/2,MIDDLE PIRERBAG,SHIMULTOLA MUKTI HOUSINGM,DOKKHIN PAIKPARA","(22.28455, 91.9809)"
"MONIR GENERAL STORE , SHYAMOLI , MOHAMMADPUR","(23.7659, 90.35851)"
"TECH BANGLA , SOUTH BADDA","(24.34671, 90.00523)"
"SAMORITA HOSPITAL , PANTHAPATH","(23.7523917, 90.3853287)"
"GAZI PHARMACY , KHA 56 , RD 106 , SHAHJADPUR , GULSHAN","(23.7917, 90.4167)"
"BACHCHU HOWLADER TRADERS , WEST JATRABARI","(24.98797, 90.90801)"
"KAMAL SRIMTY PATHAGAR , H 106 , 5 , DINANATH SEN RD , GANDARIA","(23.70576, 90.42954)"
"SONGKOLPO FOUNDATION,BLOCK A,MIRPUR 2","(23.805, 90.366)"
"UCB ATM , TEJTURI BAZAR , TEJGAON","(23.7526685, 90.3848858)"
"MIRJAPUR POUROSHOVA , MIRJAPUR , TANGAIL","(24.24984, 89.91655)"
"DELTA LIFE TOWER,H 37,RD 90,GULSHAN 2","(23.7917, 90.4167)"
"NRB GLOBAL BANK LIMITED , 94 , GULSHAN AVENUE , DAKKHIN BADDA , GULSHAN","(23.7865572, 90.4170714)"
"R K AIR CONDITIONING,SOUTH BADDA","(24.34671, 90.00523)"
"CROWNE PLAZA DHAKA GULSHAN,AN IHG HOTEL,GULSHAN 2,GULSHAN","(23.7917, 90.4167)"
"H 2/1,NURJAHAN RD,MOHAMMADPUR","(23.7659, 90.35851)"
"SHAMIM STORE,NIMAI KASHARI,SIDDHIRGANJ","(23.69127, 90.5149)"
"BASABO ,DHAKA , BANGLADESH","(24.16667, 90.41667)"
"GOLDEN BOILER MANUFACTURING CO LTD SHAHID BUDDHIJIBI GRAVEYARD,MIRPUR 12","(23.805, 90.366)"
"HUMAYUN ROAD,MOHAMMADPUR","(23.7662855, 90.3617656)"
"KHILGAON CITY CORPORATION BUILDING,RD 9,KHILGAON","(23.75722, 90.46443)"
"SHEKHERTEK ELECTRIC,H 13,SHEKHERTEK MAIN RD,MOHAMMADPUR","(23.7659, 90.35851)"
"BANGLADESH KHRISHI BANK , SHYAMOLI RD 1 , SHYAMOLI","(23.77438, 90.36538)"
"BANGLADESH CHINA FRIENDSHIP EXHIBITION CENTER,PURBACHAL,","(23.8426962, 90.5338706)"
"ASIF ADNAN AHMED , SECTOR 4, UTTARA","(23.8667, 90.4)"
"NILA MARKET , PURBACHAL EXPRESS HIGHWAY , TAHORDIA , NARAYANGANJ","(23.61352, 90.50298)"
"ORO ROASTERS , SECTION 1 , MIRPUR","(23.805, 90.366)"
"H 258, RD 10 , KHILGAON","(23.7475076, 90.4374104)"
"DOUBLE DELIGHT, HOUSE  1075, ROAD 6A, DOHS, MIRPUR","(23.805, 90.366)"
"MA ELECTRONIC,BOU BAZAR ROAD,UTTOR KAFRUL","(23.78822, 90.37359)"
UTTARA SECTOR 11 KACHA BAZAR,"(25.74442, 88.49186)"
THE BUFFET STORIES DHANMONDI,"(23.74, 90.385)"
"RD 7 , BLOCK D , BANASREE","(23.7619434, 90.4319378)"
"BDIC BAZAR , SHIMULTOLY RD , 1702","(23.9833, 90.4)"
"BANK ALFALAH,GULSHAN AVENUE,GULSHAN 2,,GULSHAN","(23.7917, 90.4167)"
japan bangladesh friendship hospital,"(23.7394953, 90.3750642)"
"ORCHARD CONVENTION HALL , GREEN ROAD , DHANMONDI","(23.74, 90.385)"
"MEENA BAZAR,BANASREE,BLOCK C","(23.7604739, 90.4298532)"
"MASUD AUTOMOBILES,DIYABARI,UTTARA","(23.8667, 90.4)"
"SHOPNO NEER 6,MITALI HOUSING SOCIETY,SOUTH KAFRUL","(23.78822, 90.37359)"
"TOKYO SQUARE CONVENTION CENTER , SHYAMOLI , MOHAMMADPUR","(23.7659, 90.35851)"
DR. FAZLUL HAQUE COLORECTAK HOSPITAL LIMITED WEST DHANMONDI,"(23.74, 90.385)"
"JAHAN, H 21/1, JIGATALA MAIN RD, JIGATALA","(25.15867, 89.66515)"
"CUP O JOE, ROAD 24, GULSHAN 1","(23.7917, 90.4167)"
"SHAFIQUAT NIKETON , H 147 , RD 1 , MOHAMMADI HOUSING SOCIETY , MOHAMMADPUR","(23.7659, 90.35851)"
"17 , ROAD 04 , SECTION 2","(22.8933377, 91.5339391)"
"PAKA BRIDGE GROCERY STORE,POLAGAS RD,1711","(24.0907, 90.4878)"
"BISWAS AGROVET LTD,SECTOR 7,UTTARA","(23.8667, 90.4)"
"SADAR GHAT,AHSANULLAH RD,WISE GHAT,KOTWALI","(25.74664, 89.25166)"
"RAIN DROP OPEN FOOD ZONE , THANA RD , 1340","(23.8442, 90.2511)"
"KHALEQUE GAS STATION,KALYANPUR","(23.78134, 90.35697)"
"MULTIPLAN CENTER,NEW ELEPHANT ROAD,DHANMONDI","(23.7388163, 90.38545)"
"SHAYAMOLI SQUARE SHOPPING MALL , MOHAMMADPUR","(23.7659, 90.35851)"
"ASHRAF 4A HOUSE 19,RD 7,SECTOR 10 UTTARA","(23.8667, 90.4)"
"TROPICAL ALLAUDDIN TOWER SHOPPING COMPLEX,ROAD 02,SECTOR 3,UTTARA","(23.8667, 90.4)"
"DUMNI NOYAPARA JAME MASJID , PURBACHAL EXPRESS HIGHWAY , BASHUNDHARA R/A","(38.5, -0.5)"
"MAYER DOWA GENERAL STORE , MIDDLE PIRERBAGH , MIRPUR","(23.805, 90.366)"
"CITY BANK,GULSHAN  AVENUE,GULSHAN 1,GULSHAN","(23.7917, 90.4167)"
"SHAJAHAN DE MENOR , H 59 , RD 8A , DHANMONDI","(23.74, 90.385)"
"HOUSE 9 , ROAD 17 , BLOCK E , BANANI , DHAKA","(24.16667, 90.41667)"
"DREAM HOLIDAY PARK,DHAKA SYLHET HIGHWAY,NARSINGDI","(23.92298, 90.71768)"
"JBS SHOPNOCHURA,WEST NANDIPARA","(24.49418, 88.89406)"
"80 , MOTIJHEEL ROAD , MOTIJHEEL , DILKUSHA","(23.7285768, 90.4185932)"
"BASHUNDHARA CITY SHOPPING COMPLEX , PANTHAPATH DHAKA","(23.751142, 90.3906411)"
"MADARTEK CHOWRASTA  POSHCHIM MADARTEK , PURBO NONDIPARA , SHAHJAHANPUR","(21.9128, 90.73626)"
"DOINIK BANGLA MOR , FAKIRAPOOL , DILKUSHA","(23.7302544, 90.4151658)"
NIKUNJA 1,"(23.8242795, 90.4191806)"
"DEMRA STAFF QUARTER , DHAKA-DEMRA HIGHWAY , GOPIBAG , JATRABARI","(24.98797, 90.90801)"
"DYNASTY,H 15,RD 7,GULSHAN 1","(23.7917, 90.4167)"
"ABDULLAHPUR BUS STOP,UTTARA","(23.8667, 90.4)"
"NAFI TOWER , H 53 , GULSHAN AVE , GULSHAN 1","(23.7917, 90.4167)"
"T.H BAKERY & SWEETS , RAYER BAZAR , MOHAMMADPUR","(14.5847472, 120.999882)"
HAQUE'S BANQUET HALL & RESTAURANT,"(49.11127, 9.73908)"
"MIRPUR CANTONMENT PUBLIC SCHOOL AND COLLEGE,ROAD 05,DOHS,MIRPUR 12","(23.805, 90.366)"
"GAS TRANSMISSION COMPANY LIMITED,AGARGAON,MIRPUR","(23.805, 90.366)"
"35 , ROAD 8/A, NIKUNJA 1 , BADDA","(24.34671, 90.00523)"
"IBA , UNIVERSITY OF DHAKA , JASIMUDDIN HALL RD, UNIVERSITY OF DHAKA","(24.16667, 90.41667)"
"SENAKUNJA , SHAHID SARANI , DHAKA CANTONMENT","(23.82444, 90.40556)"
"Road 6,Nikunja 2,Badda","(24.34671, 90.00523)"
"HOUSE NO 2, ROAD 14, NIKUNJA 2, BADDA","(24.34671, 90.00523)"
"RAYER BAZAR HIGH SCHOOL , SHER E BANGLA  RD , DHANMONDI","(23.74, 90.385)"
"handi (gulshan branch ) , gulshan 2 , gulshan","(23.7917, 90.4167)"
"INCREDIBLE PVT , LTD . GULSHAN 1 , GULSHAN","(23.7917, 90.4167)"
"SUFIA DREAMS 138/5/C , JAMTOLA EAST RAMPURA","(23.76261, 90.42051)"
"HOUSE 49 , ROAD 13 ,. SECTOR 10 , UTTARA","(23.8667, 90.4)"
"RD 5 , SECTOR 5, UTTARA","(23.8699122, 90.3874414)"
"OSCOM BANGLADESH , NURERCHALA RD , NOTUN BAZAR , BADDA","(24.34671, 90.00523)"
"MIDDLE BADDA BAITUL AMAN JAME MASJID,AH2,MIDDLE BADDA","(24.34671, 90.00523)"
"UTTARA CRESCENT HOSPITAL, RABINDRA SARANI, SECTOR 3, UTTARA","(23.8667, 90.4)"
"YAMAHA FLAGSHIP  STORE ,37, HAQUE CENTER , SHAHEED TAJUDDIN AHMED SARANI, DHAKA 1208","(24.16667, 90.41667)"
"BD WATER ENGINEERING , RD 27 , SECTOR 7 , UTTARA","(23.8667, 90.4)"
"H 144,SHANTINAGAR RD,SHANTINAGAR","(23.7393386, 90.4150796)"
"SENAKUNJA BUTLER,SHAHID SARANI,DHAKA CANTONMENT","(23.82444, 90.40556)"
"DUTCH BANGLA BANK LTD ATM,H 500/A/1(OLD),RD 8,DHANMONDI","(23.74, 90.385)"
"HOME TRUST LIVING LTD , ROAD 14/C, SECTOR 4, UTTARA","(23.8667, 90.4)"
"EASTERN SHANTI NEER , SANTINAGAR ,KAKRAIL","(23.73333, 90.4)"
"29/1/2 , SATISH SARKER ROAD , KERANIGANJ","(24.75003, 88.07271)"
"MIRPUR NATIONAL ZOO, ZOO RD , MIRPUR 2","(23.805, 90.366)"
"ZARIN STORE , BLOCK D, ,MIRPUR 13","(23.805, 90.366)"
"BURGER N CO. MIDDLE BAREK MOLLA'S MOR , 60 FEET , MIRPUR","(23.805, 90.366)"
"22 , ROAD 12 , NIKUNJA 2","(23.8324457, 90.4168725)"
"SANGSAD BHABAN RD , SHER E BANGLA NAGAR","(23.7613375, 90.3802553)"
"ANWAR KHAN MODEN MEDICAL COLLEGE,RD 7,DHANMONDI","(23.74, 90.385)"
"12 , ROAD 6 , SECTION 12","(22.8933377, 91.5339391)"
"ARTISAN KEMAL ATATRUK AVENUE , GULSHAN 2, GULSHAN","(23.7917, 90.4167)"
"SUNFLOWER , SECTOR 6 , UTTARA","(23.8667, 90.4)"
"H B 51 , OUTER CIRCULAR RD , KAMALAPUR","(23.73723, 90.42533)"
"MG COTTON HEAD OFFICE,SHAH MAKDUM AVENUE,SECTOR 12,UTTARA","(23.8667, 90.4)"
"DHAKA MOHILA COLLEGE , H 23, RD 7, DHANMONDI","(23.74, 90.385)"
"DHAKA MYMENSINGH , GAZIPUR","(24.0704471, 90.3913753)"
"SHER E BANGLA AGRICULTURAL UNIVERSITY , SHER E BANGLA NAGAR","(23.7719857, 90.375502)"
"HARUN EYE FOUNDATION HOSPITAL , ROAD 6 , DHANMONDI","(23.74, 90.385)"
"NEW ASHA CAR DECORATION , NAYA PALTAN","(23.73625, 90.41426)"
"FARIDABAD HIGH SCJOOL,FARIDABAD LN,GANDARIA","(23.70576, 90.42954)"
"Koyla Restaurant Link.R0ad, Gulshan 1","(23.7917, 90.4167)"
"5/7,LALMATIA BLOCK E,LALMATIA","(23.7536438, 90.3673074)"
"DC BUILDING , MAOLANA BHASANI ROAD , FAKIRAPOOL , PALTAN","(23.73625, 90.41426)"
"MAA HOTEL & RESTAURANT , H 268/90, SHADHINOTA SARANI , NORTH BADDA","(22.8919883, 91.6736685)"
"POPULAR DIAGONESTIC CENTER LTD , BEGUM ROKEY SARANI , MIRPUR 10","(23.805, 90.366)"
"STUDIO , NINE N' HALF , TRIMOHONI , KHILGAON","(23.75722, 90.46443)"
"MR. KACCHI  , 252/4 , WEST MONIPUR , MUKTI HOUSING , PASCHIM MONIPUR","(23.47172, 91.0612)"
"WALTON SERVICE CENTRE , DHAKA CHITTAGONG HIGHWAY , SIGN BOARD , SHIDDHIRGANJ , NARAYANGANJ , 1361","(23.61352, 90.50298)"
"DENTAL ASSOCIATES,RESIDENTIAL AREA,DHANMONDI","(23.74, 90.385)"
"VILLIE LA OPALA , H 25, RD 47 , GULSHAN 2","(23.7917, 90.4167)"
"ALL COMMUNITY CLUB LIMITED,GULSHAN 1,GULSHAN","(23.7917, 90.4167)"
"SULTAN'S DINE , GAREEB E NAWAZ , SECTOR 11 , UTTARA","(23.8667, 90.4)"
"BENGAL BLUEBERRY , NE ( O) 1 , RD 91 , GULSHAN 2","(23.7917, 90.4167)"
"BNP PARTY OFFICE , RD 86 , GULSHAN 2","(23.7917, 90.4167)"
"KIDS TUTORIAL H 7 , CIRCUIT HOUSE RD , KAKRAIL","(23.73333, 90.4)"
"OBIIQUE SOURCING , EIDGAH MATT , SONY HALL , MIRPUR 1","(23.805, 90.366)"
"RD 67 , GULSHAN 2","(23.7947055, 90.4023902)"
"BUDDHIJIBI KABAR JAME MASJID , SHAHID BUDDHIJIBI GRAVEYARD , MIRPUR 1","(23.805, 90.366)"
"RD 17,BANANI","(23.7932237, 90.404084)"
"MANDA (GREEN MODEL TOWN),33/11 KV GRID SUBSTATION DPDC C15,NORTH MANDA","(24.79891, 88.7028)"
"H 67 , DILKUSHA RD , DILKUSHA","(23.7269199, 90.4174)"
"RAYER BAZAR HIGH SCHOOL , SHER E BANGLA RD , DHANMONDI","(23.74, 90.385)"
"452,CHAIRMAN GOLI,WIRELESS,MOGBAZAR","(23.755344, 90.4096586)"
"2/20, BLOCK A ,  LALMATIA","(23.75701, 90.3738781)"
"AZAMPUR RAILGATE JAME MASJID , SECTOR 4 , UTTARA","(23.8667, 90.4)"
"H C/26, ZAKIR HOSSAIN RD, BLOCK F , MOHAMMADPUR , MOHAMMADPUR","(23.7659, 90.35851)"
"ORACLE DENTAL PLANET , HOUSE 15 ROAD 5 , SECTOR 4 , UTTARA","(23.8667, 90.4)"
"FOKIR MARKET , DEGERCHALA RD , 1711","(24.0907, 90.4878)"
"H 28 , RD 16 , NIKUNJA 2","(23.8339024, 90.4164755)"
"H 155, KHILJI RD , MOHAMMADPUR","(23.7659, 90.35851)"
"GOLD ROSE THAI SPA , GULSHAN 2, GULSHAN","(23.7917, 90.4167)"
"LIMA FURNITURE , SECTOR 7 , UTTARA","(23.8667, 90.4)"
"6/17,BLOCK B,HUMAYUN ROAD,MOHAMMADPUR","(23.7698141, 90.3662797)"
"LIBERTY CHEMICAL COMPANY , RESIDENTIAL AREA , DHANMONDI","(23.74, 90.385)"
"77, LAKE DRIVE ROAD , SECTOR 7 , UTTARA","(23.8681856, 90.3937611)"
"IDLC FINANCE LIMITED , DILKUSHA BRANCH , PURANA PALTAN","(23.73625, 90.41426)"
"UTTARA GIRLS HIGH SCHOOL AND COLLEGE,ROAD 2,SECTOR 6,UTTARA","(23.8667, 90.4)"
"RAJFULBARIA BUS STOP , RAJBARI UP RD , 1347","(24.3137, 89.6089)"
"JONAKI CINEMA HALL LANE , FAKIRAPOOL , PALTAN","(23.7374258, 90.4149013)"
"KHILGAON TALTOLA MOR , SHAHID BAKI RD , KHILGAON","(23.75722, 90.46443)"
"14,KALLYANPUR PRODHAN SARAK , NOTUN BAZAR , MUKTI HOUSING , MODDHO PAIKPARA","(22.28455, 91.9809)"
"H 100,SHER SHAH SURI RD,MOHAMMADPUR","(24.6254038, 90.6055315)"
"BANGLADESH HOUSE BUILDING FINANCE CORPORATION,ALAOL AVENUE,SECTOR 8,UTTARA","(23.8667, 90.4)"
"AMERICAN CLUB,RD 70,GULSHAN 2","(23.7917, 90.4167)"
"may spring ap[artment , sector 10 , uttara","(23.8667, 90.4)"
"TEJGAON ADARSHA SCHOOL & COLLEGE,SHAHID TAJUDDIN AHMED SARANI,TEJGAON","(23.7643116, 90.4022237)"
"DHAKA CHITTAGONG HIGHWAY,SONTEK,JATRABARI","(24.98797, 90.90801)"
"CONCORD 16 , PARK ROAD , BARIDHARA , GULSHAN","(23.7917, 90.4167)"
"K-59, ROAD -13 , SOUTH BANASREE","(23.7590816, 90.4289969)"
"81, SHAPLA VILLA , SOUTH AZAMPUR , UTTARA","(23.8667, 90.4)"
"TRANSCENDENTAL MEDITATION BANGLADESH , ROAD 68/A , GULSHAN 2 , GULSHAN","(23.7917, 90.4167)"
"SAIDNOGOR SUPER MARKET , SAYED NAGAR , NOTUN BAZAR","(25.74442, 88.49186)"
"CITY ALO ( BANKING FOR WOMEN ) , 18 , GULSHAN AVENUE , GULSHAN 1 , GULSHAN","(23.7826515, 90.416587)"
"ZION MEDIA , DOHS , MIRPUR","(23.805, 90.366)"
"HOUSE 52, ROAD 27, DHANMONDI","(23.74, 90.385)"
"CP , THANA RD , 1340","(23.8442, 90.2511)"
S A KHALEQUE RESIDENTIAL AREA,"(23.7777719, 90.3566932)"
"ATN BANGLA , 12 , KAZI NAZRUL ISLAM AVENUE , PASHCIM NAKHALPARA , LALMATIA","(24.43374, 88.45688)"
"WARI THANA,TIPU SULTAN RD,WARI","(23.7149794, 90.4188432)"
"VISION EMPORIUM , MOHAMMADIA HOUSING , MOHAM,MADPUR , KATASUR","(23.75992, 90.35632)"
"AB BANK LIMITED ATM,SECTOR 7,UTTARA","(23.8667, 90.4)"
"BOARD BAZAR BUS STOP , DHAKA MYMENSINGH HIGHWAY, 1711","(23.9452769, 90.3827366)"
"HAZRAT SHAHJALAL INTERTIONAL AIRPORT TERMINAL 2, AIRPORT ROAD , NEW AIRPORT ROAD , KURMITOLA , SECTOR 2","(43.99329, -107.94926)"
"LAB AID GULSHAN , H 13 / A, KAMAL ATATRUK AVE , GULSHAN 2","(23.7917, 90.4167)"
"RAMNA KALI MANDIR,SUHRAWARDY UDYAN,RD,RAMNA","(23.73333, 90.4)"
"HOUSE 29 , ROAD 1 , SECTOR 11. UTTARA","(23.8667, 90.4)"
"KHAN BARI,BHATULIYA,TURAG","(23.76667, 90.31667)"
"KULSUM , H 40 41 , SIDDHESWARI MALIBAG CIRCLE RD , SIDDHESWARI","(23.59189, 90.92422)"
"HARDWARE & TOOLS,KAPTAN BAZAR,GULISTAN","(37.7429211, -78.4055617)"
"RD 3 , TURAG CITY , MIRPUR 1","(23.805, 90.366)"
"LAWYER IN GULSHAN BANANI BARIDHARA,GULSHAN 2,GULSHAN","(23.7917, 90.4167)"
"IRON LODGE FITNESS STUDIO,CENTRAL ROAD,DHANMONDI","(23.74, 90.385)"
"SHAHEEN LAKE PARK,(SHAHEEN DIP)BAF KURMITOLA,DHAKA CANTONMENT","(23.82444, 90.40556)"
"GOLAKANDAIL,RUPGANJ,NARAYANGANJ","(23.7853577, 90.5685788)"
"MR BAKER,RD 7,SECTOR 3,UTTARA","(23.861417, 90.3989617)"
"DREAM STUDY INTERNATIONAL,GULSHAN 2,GULSHAN","(23.7917, 90.4167)"
"BRTA CIRCLE,MIRPUR 13","(23.805, 90.366)"
"H 104/4,CNETRAL RD,DHANMONDI","(23.74, 90.385)"
"CONCORD IK TOWER , GUL;SHAN 2, MADANIU AVE","(-34.75155, 149.72086)"
"WASEK AQUA DHAKA HUB , BAWNIA , UTTARA","(23.8667, 90.4)"
"BANGLADESH POLICE OFFICERS MESS,ESKATON GARDEN ROAD,RAMNA","(23.7447925, 90.4022794)"
"LIAISON OFFICE , PASCHIMANCHAL GAS COMPANY LIMITED ( PGCL ) , HATIRJHEEL , TEJGAON","(23.76296, 90.38971)"
"52/A,DOLPHIN GOLI,DHANMONDI","(23.750664, 90.379553)"
"DUTCH-BANGLA ATM IN UNITED HOSPITAL , GULSHAN 2","(23.7917, 90.4167)"
"BIDDUT BHABAN , H 1, ABDUL GANI RD , PURANA PALTAN","(23.73625, 90.41426)"
"NEW SUPER MARKET,NEW MARKET,DHAKA","(23.6926196, 90.4336927)"
"YAD ALI JAME MASJID , SHAHJAHAN ROLLING MILL'S RD , FATULLAH , NARAYANGANJ , 1401","(23.61352, 90.50298)"
"LONDON PLAZA,SERVICE ROAD,SECTOR 3,UTTARA","(23.8667, 90.4)"
"DELICIOUS MORSEL , SHIMANTO SHAMBHAR , ROAD 2 , DHANMONDI","(23.74, 90.385)"
"BEST PHYSIOTHERAPY , ADARSHA NAGAR , BADDA","(24.34671, 90.00523)"
"RIJIYA BHAVAN , H 2/GA, HABIBULLAH RD, SHAHBAG","(23.738, 90.4)"
"ROAD 24,DAKKHIN BADDA,GULSHAN","(23.7917, 90.4167)"
HOUSE 295/296,"(24.9207982, 89.9626115)"
"HOUSE 9, ROAD 17, SECTOR 14, UTTARA","(23.8667, 90.4)"
"GORAN ADARSHA HIGH SCHOOL , HAWAI GOLI , KHILGAON","(23.75722, 90.46443)"
"25 EAST BENGAL , CANTONMENT , DHAKA , BANGLADESH","(24.16667, 90.41667)"
SHAHJADPUR BUS STOP,"(23.7920887, 90.4245009)"
"19/6,GATE NO 3 ROAD,KHAMAR BARI","(24.8859, 90.91228)"
"20,ROAD 108,GULSHAN 2,GULSHAN","(23.7911646, 90.4186649)"
"DSE TOWER,HOUSE 46,ROAD 21,NIKUNJA,KHILKHET,DHAKA","(24.16667, 90.41667)"
"ARADDHO , RESAIDENTIAL AREA , DHANMONDI","(23.74, 90.385)"
"ZAM ZAM TOWER , SECTOR 13, UTTARA","(23.8740566, 90.3905325)"
"JHORNA DHARA,BASUNDHARA RIVERVIEW,DAKKHIN KERANIGANJ","(24.75003, 88.07271)"
"RD 5, ARAMBAG R/A PALLABI","(23.825, 90.37)"
"HOUSE 56&58,LAKE DRIVE ROAD,SECTOR 7,UTTARA","(22.4120749, 114.2016117)"
"PADMA HOTEL AND RESTAURANT , DHAKA DEMRA HIGHWAY , GOPIBAG , JATRABARI","(24.98797, 90.90801)"
"PLATFORM NO 7 , KAMALAPUR RD , AHMEDBAG , SABUJBAG","(23.03077, 89.38848)"
"NAZIA HOME,SECTOR 6,UTTARA","(23.8667, 90.4)"
"MOUSHI FASHION TAILORS,250/1,AHMED NAGAR,PAIKPARA,SENPARA PARBATA,AHMED NAGAR","(23.80503, 90.36883)"
"ANWAR KHAN MODERN MEDICAL COLLEGE, RD 7 , DHANMONDI","(23.74, 90.385)"
"TRANCEMDENTAL MEDITATION BANGLADESH,ROAD 68/A,GULSHAN 2,GULSHAN","(23.7917, 90.4167)"
"ROAD 64 , BANANI , GULSHAN","(23.8014301, 90.4068709)"
"purbo goran jame masjid , titas rd , purba goran","(23.75027, 90.43413)"
"H 526 , SHAHID BAKI SARAK , TALTOLA , KHILGAON","(23.75722, 90.46443)"
"M/S R S AUTOMOBILES,NAYA PALTAN","(23.73625, 90.41426)"
"NASIM'S HOME , SECTOR 13 , UTTARA","(23.8667, 90.4)"
"S. RAHMAN DENTAL CARE , SECTOR 14 ,UTTARA","(23.8667, 90.4)"
"THE CARNATION,H 5,CIRCUIT HOUSE RD,KAKRAIL","(23.73333, 90.4)"
"BRINDABON ROAD , MIRPUR DOHS , PALLABI 1000","(23.8390317, 90.3662163)"
"MARKS HOMELESS HOUSE,MIRPUR ROAD,SOHRAWARDI MEDICAL COLLEGE & HOSPITAL,SHER E BANGLA NAGAR","(64.85694, -147.80278)"
"BERIBADH CHOURASTA BUS STAND,BERIBADH RD,MOHAMMADPUR","(23.7659, 90.35851)"
"FATEMA ANWAR TOWER , DONIYA , JATRABARI","(24.98797, 90.90801)"
"RAJUK UTTARA APARTMENT PROJECT,AVE 3,SECTOR 18,UTTARA","(23.8667, 90.4)"
"HOUSE 71,ROAD 7,SECTOR 4,UTTARA","(23.8667, 90.4)"
"RONY TELECOM,MOSQUE ROAD2,KORAIL,MOHAKHALI","(23.7856138, 90.406722)"
"MIRPUR 10 CIRCLE , MIRPUR 10","(23.8072313, 90.3689438)"
"PERSONA,5TH FLOOR,GULSHAN AVENUE,GULSHAN 2,GULSHAN","(23.7917, 90.4167)"
"ADABOR,ROAD 3,MOHAMMADPUR","(23.7629379, 90.3567682)"
"SEGIETH VILLA , H 15 , RD 5 , KADERABAD HOUSING , MOHAMMADPUR","(23.7659, 90.35851)"
"nhb26 , lalmatia road , block b , lalmatia ,1207","(24.43374, 88.45688)"
"atelier sourcing ltd, h 7 , rd 3, gulshan 1","(23.7917, 90.4167)"
"JAKIR FRIED CHICKEN & CATERING SERVICE,CH 72/1,BIR UTTAM RAFIQUL ISLAM AVE,NORTH BADDA","(64.07333, -141.93611)"
"AKOTA ABASHIK,ADARSHA NAGAR,BADDA","(24.34671, 90.00523)"
"CLUB 89 , LIMITED , GULSHAN 1, GULSHAN","(23.7917, 90.4167)"
"CAYA NEER  , H 556 , ATISH DIPANKAR RD , TILPAPARA , KHILGAON","(23.75722, 90.46443)"
"BRAC UNIVERSITY RESIDENTIAL CAMPUS,BIRULIA AKRAN RD,ASHULIA","(23.8677115, 90.3087041)"
"WIND BLOWS , SECTOR 3 , UTTARA","(23.8667, 90.4)"
"CHAIRMANGOLI JAME MASJID , CHAIRMAN GOLI , NOYATOLA","(23.7554194, 90.4090494)"
"UNIVERSAL MEDICAL COLLEGE & HOSPITAL LTD , ARJATPARA RD , MOHAKHALI","(23.7766326, 90.3953894)"
"DHANMONDI RIVERVIEW MODEL TOWN,RAYER BAZAR,MOHAMMADPUR","(23.7659, 90.35851)"
"JAMI'A BAITUL AMAN MINAR MASJID , TAJMAHAL ROAD , MOHAMMADPUR","(23.7659, 90.35851)"
"JUDGE  HAMID FOUNDATION , ADABAR MOHAMMADPUR","(23.7659, 90.35851)"
"KAMALAPUR RAILWAY  STATION , KAMALAPUR","(23.7305398, 90.4268579)"
"POPULAR DIAGONSTIC CENTER LTD ,  ROAD 7 , SECTOR 4 , UTTARA","(23.8667, 90.4)"
"VIP GATE , DHAKA RAILWAY STATION , KAMALAPUR","(23.73723, 90.42533)"
"HOUSE 4, ROAD 20, SECTOR 3, UTTARA","(23.8667, 90.4)"
"KAZI ENTERPRISE , 91/1 , SHAH ALI BAGH ROAD , SENPARA PARBATA , SHAH ALI BAGH","(23.80503, 90.36883)"
"AIRPORT ROAD,NEW AIRPORT ROAD,SECTOR 2","(23.8523935, 90.3987611)"
"RAJUK COLLEGE PLAYGROUND , RAJUK COLLEGE RD ,. SECTOR 6 , UTTARA","(23.8667, 90.4)"
"H 24 , FLAT 2B , RD 10/A , DHANMONDI R/A , DHAKA 1209","(24.16667, 90.41667)"
"VANTURA BUENAVISTA , GULSHAN 1 , GULSHAN","(23.7917, 90.4167)"
"18/A, ROAD 47 , GULSHAN 2","(23.7927623, 90.4122911)"
"ROKEYA PALACE,SOUTH BADDA","(24.34671, 90.00523)"
"H 16 , RD 3 , PC CULTURE HOUSING SOCIETY , MOHAMMADPUR","(23.7659, 90.35851)"
"BASHUNDHARA CITY SHOPPING COMPLEX,PATHAPATH,DHAKA","(24.16667, 90.41667)"
"INSPIRA ADVISORY AND CONSULTING LTD , GULSHAN 1 , GULSHAN","(23.7917, 90.4167)"
"LAKE WOOD , H 351, SAYEM SOBHAN ANVIR RD , BLOCK E , BASUNDHARA R/A","(0.96675, 33.82622)"
SECURITY CHECK POST GULSHAN 2 GULSHAN,"(23.7917, 90.4167)"
"HITACHI , H 30 , GULSHAN LINK RD , GULSHAN 1","(23.7917, 90.4167)"
"UNITED HOSPITAL , RD 71 , GULSHAN 2","(23.7917, 90.4167)"
"ALLIANCE SHARNAKUNJU , HOUSE 12-14 , ROAD 2 , BLOCK D , MIRPUR 12","(23.805, 90.366)"
"DNCC POLICE BOX,MADANI AVENUE BARIDHARA,NOTUN BAZAR","(25.74442, 88.49186)"
"BANGLADESH CHINA FRIENDSHIP EXHIBITION,SECTOR 4,PURBACHAL","(23.8426962, 90.5338706)"
"NR TOURS & TRAVELS,SECTOR 4,UTTARA","(9.9481557, 76.2922523)"
"MUSLIM SWEETS , BEGUM ROKEYA SHARANI , SENPARA PARBATA , PURBA KAZIPARA","(25.74623, 89.0251)"
"ST. JOSEPH HIGHER SECONDARY SCHOOL , ASAD  AVENUE , MOHAMMADPUR","(23.7659, 90.35851)"
"H 39,RD 7,MERUL BADDA","(24.34671, 90.00523)"
"DACCA OVERSEAS RANGS NAHARAZ TOWER , HOUSE 14 ,S ECTOR 4 , UTTARA","(23.8667, 90.4)"
"H KHA 32/5A , BIR UTTAM RAFIQUL ISLAM AVE , SHAHJADPUR","(23.79191, 90.42498)"
"PAIKPARA , NARAYANGANJ SADAR","(23.606078, 90.4981573)"
"BANGABANDHU MILITARY MUSEUM , BIJOY SARANI DHAKA","(24.16667, 90.41667)"
"NEW DHANSIRI RESTAURANT - GULSHAN2, ROAD 46, GULSHAN 2, GULSHAN","(23.7917, 90.4167)"
"RD 4 , SECTOR 1 , UTTARA","(23.8629986, 90.3981149)"
"HAZRAT SHAHJALAL INTERNATIONAL AIRPORT ( DAC ) ( DAC ) , AIRPORT - DAKSHINKHAN ROAD , DHAKA , BANGLADESH","(24.16667, 90.41667)"
"HOUSE 12,ROAD 15,SECTOR 14,UTTARA","(23.8667, 90.4)"
"SOI 71, GULSHAN 2, GULSHAN","(23.794009, 90.4121679)"
"EADIANT CLASSIC , H 32 , RD 6 , BANASHREE , RAMPURA","(23.76261, 90.42051)"
"HIGH COMMISSION OF PAKISTANS,NE(C),2,RD 71,GULSHAN 2","(23.7917, 90.4167)"
"KHAN DOMINNO , ACCPDINO , BORO MOGHBAZAR","(23.65, 90.58)"
"ATHENA'S FURNITURE AND HOME DECOR , ROAD 24 , GULSHAN 1 , GULSHAN","(23.7917, 90.4167)"
"MAA GENERAL STORE , H 15 , AVE 5 MAIN RD , MIRPUR 11","(23.805, 90.366)"
"KONAPARA BUS STOP,DHAKA DEMRA HIGHWAY,GOPIBAG,JATRABARI","(24.98797, 90.90801)"
"SOCHIB NIBASH , ESKATON GARDEN ROAD , RAMNA","(23.73333, 90.4)"
"KFC,GULSHAN 1,GULSHAN","(23.7889949, 90.4162266)"
"BANGLADESH UNIVERSITY  , IQBAL ROAD , MOHAMMADPUR","(23.7616428, 90.3674589)"
"FOTOBOSS, SECTOR 13, UTTARA","(23.8667, 90.4)"
SHAWON & T MIRPUR DOHS,"(42.4263741, -90.5753118)"
"JAMAN PALACE , HOUSE 8 , LANE 9 , BLOCK A , MIRPUR 10","(23.805, 90.366)"
"GABTOLI BUS STATION MIRPUR ROAD , ABDUL RAFIQ HOUSING , GABTALI","(23.96399, 90.65082)"
"MOMEN BAG ROAD ( ARABARI ROAD ) , NEWTOWN R/A , GREEN MODEL TOWN","(23.7283, 90.4518)"
"SALIMUDDIN MARKET RD,AHMED NAGAR,MIRPUR 1","(23.805, 90.366)"
"H 63 DURGA MANDIR RD , JAFRABAD","(24.78647, 88.78203)"
"KURIL BISHWA ROAD,BUS STOP, PRAGATI SARANI,NIKUNJA 1,BADDA","(24.34671, 90.00523)"
"NAGAR CHAYANEER,TOPKHANA ROAD,FAKIRAPOOL,PALTAN","(23.7329978, 90.4076725)"
rd 4 block a mirpur 12,"(23.805, 90.366)"
"OLIVE TOUCH, 168, HATIRPOOL, DHANMONDI R/A , PALTAN","(23.73625, 90.41426)"
"LE MERIDIEN DHAKA , AIRPORT RD , NIKUNJA 2","(23.8359062, 90.418955)"
"ECB CHATTAR BUS STOP , MIRPUR DOHS LINK RD , MATIKATA","(25.14906, 88.65018)"
"CHAD UDDAN , MOHAMMADPUR","(23.7659, 90.35851)"
"13/16, ROAD NO 2, MUKTI HOSUING , SHYAMOLI","(23.77438, 90.36538)"
"MCL ZENITH , RD 7 , MIRPUR 2","(23.805, 90.366)"
"BASUNDHARA CITY JAME MASJID,PANTHAPATH","(23.7510179, 90.3901409)"
"H 76,RD 3,MOHAMMADI HOUSING LTD,MOHAMMADPUR","(23.7659, 90.35851)"
"THE RED CHAMBER , GULSHAN 2 , GULSHAN","(23.7917, 90.4167)"
"THE BUFFET VAMPIRE , WEST , DHANMONDI","(23.74, 90.385)"
"JANANI COURIER AND PARCEL SERVICE , JOYDEBPUR RD 1702","(23.9833, 90.4)"
"SINGER PLUS MUGDA , SOUTH MUGDAPARA","(23.73169, 90.43473)"
"BAY'S EDGEWATER , MADANI AVENUE , GULSHAN 2, GULSHAN","(23.7960821, 90.4175174)"
"NANDAN DEWAN PARK , SECTOR 4 , UTTARA","(23.8667, 90.4)"
"OFFICE OF THE PANEL PHYSICIAN , BLOCK K BARIDHARA","(23.80254, 90.42117)"
"MALONCHO COMMUNITY CENTER, DHAKA CHITTAGONG HIGHWAY , WEST JATRABARI","(24.98797, 90.90801)"
"NILKHET BOOK MARKET, BABUPURA NILKHET","(23.7327906, 90.3854501)"
"SANTI NIBAS,SOUTH MONIPUR,MIRPUR 2","(23.805, 90.366)"
"SUMO TECH ENTERPRISE,MASJID RD,NAYA PALTAN","(23.73625, 90.41426)"
"BANANI CLUB,RD 1,BANANI","(23.7927316, 90.4069139)"
"BLUNEL , MONESHWAR ROAD , DHANMONDI","(23.74, 90.385)"
"SS FASHION BD , SECTOR 6 , UTTARA","(23.8667, 90.4)"
CHA AR UTHSON SECTOR 4 UTTARA,"(23.8667, 90.4)"
"HANIF & ARIF,CHARTERED ACCOUNTANTS,GULSHAN 2,GULSHAN","(39.21667, 39.1)"
"H 35, SAVE THE CHILDREN , GULSHAN","(23.7917, 90.4167)"
"ARISTOCRAT TOUR & TRAVELS , 10, AVENUE 1, SECTION 2","(47.54007, 1.50525)"
"DOULAT PALACE , H 18 , RD 12 , SECTOR 1 , UTTARA","(23.8667, 90.4)"
"MUL 10 BLOCK B , MIRPUR 6","(23.805, 90.366)"
"PALLABI POST OFFICE,PALLABI POST OFFICE,BLOCK B,MIRPUR 7","(23.805, 90.366)"
"DOLONCHAPA , SECTOR 18 , UTTARA","(23.8667, 90.4)"
"MITHAI SHEKHERTEK 2 , SHEKHERTEK , MOHAMMADPUR","(23.7659, 90.35851)"
"FAMILYMART , BADDA GIRLS SCHOOL ROAD , DAKKHIN BADDA , GULSHAN","(23.7917, 90.4167)"
"18/G , BJRI COLONY ROAD , DHANMONDI","(23.7568903, 90.3780732)"
"NOBO NIR , BABAR RD , MOHAMMADPUR","(23.7659, 90.35851)"
"ASSURE KAPOTI , SECTOR 4 , UTTARA","(23.8667, 90.4)"
"MUKHRUCHI RESTAURANT,BLOCK D,MIRPUR 12","(23.805, 90.366)"
"KAZI BARI , H 5 , RD , AFTAB NAGAR PROJECT , BADDA","(24.34671, 90.00523)"
"BELLISIMO BY BUSHRA,SECTOR 3,UTTARA","(23.8667, 90.4)"
"HOUSE 21,SECTOR 4,UTTARA","(23.8667, 90.4)"
"KMART SUPER SHOP,39,LAKE CIRCUS ROAD,DHANMONDI","(23.74, 90.385)"
"PORANBAZAR , RESIDENTIAL AREA , DHANMONDI","(23.74, 90.385)"
"KINH PALACE , H 25/1 HAZI AFSARUDDIN RD , WEST DHANMONDI","(23.74, 90.385)"
"32, ROAD 11, SECTION 2","(22.8933377, 91.5339391)"
"KING OPTICS , GULSHAN 2, GULSHAN","(23.7917, 90.4167)"
"LANKAN ALLIANCE FINANCE LIMITED,GULSHAN 1,GULSHAN","(23.7917, 90.4167)"
"patwary homeopathic hall , serulia demra","(23.70992, 90.45456)"
"LAB AID PHYSIOTHERAPY CENTER(DR SADIK PHYSIOTHERAPIST),SECTOR 6,UTTARA","(23.8667, 90.4)"
"AHSANIA MISSION CANCER & GENERAL HOSPITAL , DHAKA ASHULIA HUGHWAY , SECTOR 10, UTTARA","(23.8036477, 90.3773328)"
4.56,"(24.4769288, 90.2934413)"
"HOUS 23, ROAD 1 , BLOCK K , BARIDHARA","(23.80254, 90.42117)"
"MOJAR TV, OUTER CIRCULAR RD, KAMALAPUR","(23.73723, 90.42533)"
"UCB BANK , GULSHAN AVE , GULSHAN 2","(23.7954374, 90.4156549)"
"DALIM JORI HOUSE , MONESHWAR ROAD , DHANMONDI","(23.74, 90.385)"
"H 207 , HASEN UDDIN RD , NORTH BADDA","(24.34671, 90.00523)"
"ZERO HOUR BITES,ROAD 14/A,SECTOR 4,UTTARA","(23.8667, 90.4)"
"OMNI CARE PHARMACY,SHEWRAPARA,MIRPUR","(23.805, 90.366)"
"BEST WESTERN PLUS MAPLE LEAF , SECTOR 1 , UTTARA","(23.8667, 90.4)"
"PEOPLES CARE,HOSPITAL,BLOCK J,BARIDHARA","(23.80254, 90.42117)"
"AFRA PHARMACY , 112 , ROAD NO 8 , MOHAMMADI HOUSING LIMITED , MOHAMMADPUR","(23.7586628, 90.3557782)"
"HOUSE 04,ROAD18,SECTOR 12,UTTARA","(23.8667, 90.4)"
"IRANIAN INTERNATIONAL SCHOOL,RD 3,DHANMONDI","(23.74, 90.385)"
"UMM CAFE , SHYAMOLI , MOHAMMADPUR","(23.7659, 90.35851)"
"CITY INTERNATIONAL SCHOOL , HIRAJHEEL RD , HIRAJHEEL , SHIDDHIRGANJ , NARAYANGANJ, 1361","(23.8333, 90.3333)"
"BASHUNDHARA  D BLOCK , SERVICE ROAD , BLOCK D , BASHUNDHARA R/A","(38.5, -0.5)"
"CONCORD CENTER , ROAD 52 , GULSHAN NORTH AVENUE , GULSHAN 2 , GULSHAN","(23.7917, 90.4167)"
"COLONY RD,JIGATALA","(23.7262311, 90.3872494)"
"LIGHTHOUSE INTERNATIONAL SCHOOL ( LIS ) , ROAD 23 , GULSHAN 1 , GULSHAN","(23.7917, 90.4167)"
"VIBES WEIGHT LOSS, SECTOR 3, UTTARA","(23.8667, 90.4)"
"GULSHAN CENTRAL MASJID(AZAD MASJID)3,ROAD 36,GULSHAN 2,GULSHAN 2","(23.7901058, 90.4145785)"
679 MASHJID ROAD SENPARA PARBATA PURBA KAZIPARA,"(25.74623, 89.0251)"
"RD 16,RUPNAGAR,PALLABI","(23.825, 90.37)"
"SRI SRI KALI MANDIR,KOLTABAZAR,SUTRAPUR","(24.87536, 90.20064)"
"H 16 , RD 2 , AFTAB NAGAR PROJECT , BADDA","(24.34671, 90.00523)"
"HOUSE 109,ROAD 13A,BLOCK C,BANANI DHAKA","(24.16667, 90.41667)"
"IBN SINA SPECIALIZED HOSPITAL , RESIDENTIAL AREA , DHANMONDI","(23.74, 90.385)"
"ANWER KHAN MODERN MEDICAL COLLEGE HOUSE NO 17, ROAD 8 , DHANMONDI","(23.745296, 90.3819718)"
"NEW ESKATON RD , PARIBAG , RAMNA","(23.73333, 90.4)"
ABEDIN VILLA H 187/B JHEELPAR RD KHILGAON,"(23.75722, 90.46443)"
"COZMO CAFE & BISTRO , BLOCK G , BASHUNDHARA R/A","(33.3247371, 44.4516787)"
"KHALEQUE GAS STATION , KALYANPUR","(23.78134, 90.35697)"
"STAR CINEPLEX , BASHUNDHARA CITY PANTHAPATH , DHAKA","(24.16667, 90.41667)"
"EMK CENTER, GULSHAN 2, GULSHAN","(23.7917, 90.4167)"
NOBODOY BLOCK C JAME MASJID NOBODOY HOUSING SOCIETY MOHAMMADPUR,"(23.7659, 90.35851)"
"HANG 10 BURGERS BLOCK A, MIRPUR12","(23.805, 90.366)"
"AL ARABIAN CAKE & SWEETS,BIR UTTAM  A K KHANDAKER SOROK,MOHAKHALI","(23.763235, 90.3622712)"
"QUANTUM SANAM , HOUSE 15 , ROAD 8 , SECTOR9 , UTTARA","(23.8667, 90.4)"
"RD 5,SECTOR 5,UTTARA","(23.8699122, 90.3874414)"
"GULF INTERNATIONAL ASSOCIATES LTD,GULSHAN 2","(23.7917, 90.4167)"
"SHEIKH JAMAL DHANMONDI CLIB LTD , RD 8 , DHANMONDI","(23.74, 90.385)"
"AVENUE 2, ( BRINDABON ROAD ) MIRPUR DOHS , MIRPUR 12","(23.805, 90.366)"
"PREMIER BANK LTD , RD 2/B , NATUN BAZAR","(25.74442, 88.49186)"
"GUIDENCE CADET COACHING (GCC) SECTOR 6 , UTTARA","(23.8667, 90.4)"
"SHWAPNO 2,KAZIPARA,MIRPUR","(23.8021269, 90.3620849)"
"FURSAN AIR , BLOCK A , MIRPUR 10","(23.805, 90.366)"
"PALASHI , LALBAGH","(23.7263929, 90.3866214)"
"ROAD NO 11, KALLYANPUR  , DARUSSALAM , 1000","(23.729, 90.4112)"
"S R PLAZA,HOUSE 137/10,MIRPUR ROAD,SHAHID BUDDHIJIBI GRAVEYARD,MIRPUR 1","(28.02271, 69.54886)"
"ZIGATOLA BUS STAND,JIGATOLA,DHANMONDI","(23.74, 90.385)"
"6/7, MIRPUR ROAD , DHANMONDI R/A , SHYAMOLI","(23.77438, 90.36538)"
"H 27 , RD 1 , MOHAMMADPUR HOUSING LTD , MOHAMMADPUR","(23.7659, 90.35851)"
"STAR HOTEL & KABAB RESIDENTIAL AREA , DHANMONDI","(-36.9450247, 174.8448364)"
"MUSLIM BAZAR,BLOCK D,MIRPUR 12","(23.805, 90.366)"
"US BANGLA AIRLINES,SHAHID COLONER GULZAR UDDIN RD,BARIDHARA","(23.80254, 90.42117)"
"NIRVANA SPA,GULSHAN 1,GULSHAN 2","(23.7917, 90.4167)"
"AHAD AMBULANCE SERVICE,ESKATON GARDEN ROAD,RAMNA","(23.73333, 90.4)"
"4/12, GOPIBAG LANE 2, TIKATULI","(23.7216313, 90.4271251)"
"J.F PALACE , 99 , LAKE CIRCUS ROAD , DHANMONDI","(23.74, 90.385)"
"SECTOR 10,UTTARA","(23.8823382, 90.3893745)"
"TOP TEN MART LTD,MIRPUR 1,
MUKTOBANGLA SHOPPING COMPLEX,
MIRPUR 1","(23.805, 90.366)"
"SULTAN'S DINE , S ALI TOWER , MAIN ROAD 1 , MIRPUR 6","(23.805, 90.366)"
"688/2 , BDRCS NHQ , MOGBAZAR , 1217","(23.7534137, 90.4045488)"
"BOTANICAL GARDEN,MIRPUR 2","(23.823888, 90.3505775)"
"FOOD CRAFTS , SHAHID BAKI SARAK , TALTOLA , KHILGAON","(23.75722, 90.46443)"
"TAOHEED TOWER 3 MAIN GATE,TOLARBAG,MIRPUR 1","(23.805, 90.366)"
"EASTERN TUBES LIMITED,INDUSTRIAL AREA,TEJGAON","(23.76296, 90.38971)"
"IBRAHIMPUR CENTRAL JAME MASJID PRIMARY SCHOOL RD,NORTH IBRAHIMPUR","(24.07203, 90.94861)"
"16,ROAD 2,MUKTI HOUSING,KALLYANPUR","(23.7772935, 90.3705672)"
"UNITED HOSPITAL , RD 72 , GULSHAN 2","(23.7917, 90.4167)"
"MILESTONE SCHOOL & COLLEGE,ROAD 3,SECTOR 6,UTTARA","(27.6669841, 85.3255697)"
"CGHAR BADAS , SHAHBAGH , RAMNA","(23.73333, 90.4)"
"AT AND DRINK,HOUSE HA/98,GULSHAN BADDA LINK ROAD,MIDDLE BADDA,BADDA,DHAKA 1212","(24.34671, 90.00523)"
"ABAKASH,SECTOR 4,UTTARA","(23.8667, 90.4)"
"SONDHYAMALOTI ( 4A, 4B, 4C, 4D), SECTOR 18 , UTTARA","(23.8667, 90.4)"
"YELLOW,GULSHAN AVENUE,DAKKHIN BADDA,GULSHAN","(23.7917, 90.4167)"
"MIRPUR UDAYAN SCHOOL AND COLLEGE , BLOCK 10/D, RD 28 , MIRPUR 10","(23.8133463, 90.3732101)"
"41/3,KHONDOKAR GOLI,WIRELESS,PALTAN","(23.7427238, 90.4096773)"
"GOOD LUCK HOUSE NAYMHA , RUPNAGAR RESIDENTIAL AREA , MIRPUR `","(23.805, 90.366)"
"ADIB TELECOM , NORTH BISHIL , MIRPUR 1","(23.805, 90.366)"
"H 44,RD 12,NIKUNJA 2","(23.8324457, 90.4168725)"
"DESIGN EXPERT-BD , EASTERN PALLABI , MIRPUR 11.5","(23.805, 90.366)"
HOUSE 75 ROAD 11 SECTOR 13 UTTARA DHAKA BANGLADESH ASIA EARTH,"(22.26652, 91.94482)"
"SHAHIN HARDY , MIRPUR RD, DHANMONDI","(23.7392421, 90.3831434)"
"UMBRELLA CAFE , BLOCK B , MIRPUR 10","(23.805, 90.366)"
HAQUE ELECTRONICS WEST DHANMONDI,"(23.74, 90.385)"
"KURIL FLYOVER ,KURIL","(23.8230443, 90.4214937)"
"YUM CHA DISTRICT , GULSHAN 1, GULSHAN","(23.7917, 90.4167)"
"THE MIDORI BY LAKESHORE , GULSHAN 2 , GULSHAN","(23.7966677, 90.4157159)"
"NIKETAN CANTRAL MOSQUE , ROAD 4 NIKETON , NIKETON HOUSING SOCIETY , GULSHAN","(23.7917, 90.4167)"
"PAMIR HEIGTS,H 7,RD 29,GULSHAN 1","(23.7917, 90.4167)"
"FELINE TECH , INDUSTRIAL AREA , TEJGAON","(23.76296, 90.38971)"
"RIFAT DAIRY MILK,MOHAMMADIA HOUSING SOCIETY,MOHAMMADPUR","(23.7659, 90.35851)"
"ALLIANCE HOSPITAL LIMITED , SHYAMOLI , MOHAMMADPUR","(23.7659, 90.35851)"
"RD 61, GULSHAN 2","(23.7947055, 90.4023902)"
"4/3, ZAKIR HOSSAIN ROAD , MOHAMMADPUR","(23.756423, 90.3674809)"
"TAMAL SERVICE CENTER , PIRERBAG , MIRPUR 1","(23.805, 90.366)"
"MUSLIM BAZAR MIRPUR 12 PALLABI , MIRPUR","(23.805, 90.366)"
"ABAHANI CLUB LIMITED,RESIDENTIAL AREA,DHANMONDI","(23.74, 90.385)"
"KAZI BARI , H 167, RD 19 , SOUTH BANASREE PROJECT , RAMPURA","(23.76261, 90.42051)"
"DIAMOND HOTEL AND RESTAURANT,WEST DHANMONDI","(23.74, 90.385)"
"EAST WEST MEDICAL COLLEGE AND HOSPITAL,RD 1,BHATALIYA,UTTARA","(23.8667, 90.4)"
"COSMOPOLITAN SCHOOL & COLLEGE ,  BHATULIYA , TURAG","(52.5277534, 13.4062933)"
"76,GIRLS SCHOOL ROAD,DHANMONDI","(23.7505489, 90.3828733)"
MENTORS BANANI & BRITISH COUNCIL IELTS TEST VENUE BLOCK E,"(40.82472, 19.83917)"
"DARUSSALAM TOWER,MIRPUR ROAD","(23.7784362, 90.3560408)"
"LAB AID SPEICIALIZED HOSPITAL,HOUSE 6,ROAD 4,DHANMONDI","(23.74, 90.385)"
"RENAISSAMCE DHAKA GULSHAN HOTEL , GULSHAN 1 , GULSHAN","(23.7917, 90.4167)"
"13/A , KAMAL ATATURK , GULSHAN 2 , GULSHAN","(23.7937617, 90.4065492)"
"H 153, SHANTINAGAR RD , RAJARBAG , MALIBAGH","(23.7393386, 90.4150796)"
"M RAHMAN ELECTRIC , GULSHAN 2 , GULSHAN","(23.7917, 90.4167)"
"H 184, ATISH DIPANKAR RD , BASABO","(23.7259354, 90.4286922)"
"SMART RENT A CAR , SECTION 13 , MIRPUR","(23.805, 90.366)"
"OFFICERS CLUB,BAILY RD","(23.7423245, 90.4050489)"
"AMZ HOSPITAL , SHADHINOTA SARANI NORTH BADDA","(24.34671, 90.00523)"
"JAMAL STORE , BAKSHI BAZAR , OLD DHAKA","(24.16667, 90.41667)"
"MITALY BHABAN,365/1,NOTYJ PERERBUUG,MUKTI HOUSING,DOKKHIN MONIPUR","(23.47172, 91.0612)"
"TENEMENT 4,H 301/A, BASUNDHARA R/A,BLOCK E,BASUNDHA R/A","(0.96675, 33.82622)"
"KABAB HOUSE , TALTOLA KHILGAON","(23.7457861, 90.4278083)"
"TRIPTALOY H 4/3, SALIMULLAH RD , MOHAMMADPUR","(23.7659, 90.35851)"
"MASTER BARI KHOJETABAG , MASTER BARI TEJGAON","(23.76296, 90.38971)"
"PIN POINT PHOTOGRAPHY , NIKETON , GULSHAN 1","(23.7917, 90.4167)"
"DHAKA MYMENSINGH HIGHWAY , SECTOR 4 , UTTARA","(23.8775898, 90.4012724)"
"34/8 PALLABI , PALLABI , MIRPUR 12","(23.8262565, 90.3611751)"
"ADD EUPHORIA , RESIDENTIAL AREA , DHANMONDI","(23.74, 90.385)"
"THOLAY-THOLAT , SHAH ALI BAG , MIRPUR 1","(23.805, 90.366)"
17/19 HORICHARON RAY ROAD FORIDABAD DHAKA 1204,"(23.7011, 90.4263)"
"RD 10,BLOCK C,BASHUNDHARA","(23.8220479, 90.4274078)"
"JAMUNA GROUP HEAD OFFICE , JAMUNA FUTURE PARK , BASHUNDHARA R/A","(38.5, -0.5)"
"HASAN KHAN IT LIMITED , SECTOR 11 , UTTARA","(23.8667, 90.4)"
"MADHURIKA,SHAHID MANNAN LINE,DHAKA CANTONMENT","(23.82444, 90.40556)"
"TRIBUTE HOMES, 35, ROAD 114, GULSHAN 2, , GULSHAN","(23.7917, 90.4167)"
"MEHEDI ALI IMAM ROAD ., GULSHAN1 , GULSHAN","(23.7917, 90.4167)"
"H 168, WAPDA RD , WEST RAMPURA","(23.76261, 90.42051)"
"CEMEX KRISHNACHURA,ADABAR,MOHAMMADPUR","(23.7659, 90.35851)"
"ROWJATUS,SALIHATH MOHILA MADRASHA,SECTOR 11,UTTARA","(23.8667, 90.4)"
"JAMILA TOWER , 93/1 INDIRA ROAD , TOLLABAG DHAAL","(24.7204, 88.52302)"
"HAZRAT SHAHJALAL INTERNATIONAL AIRPORT , TERMINAL 1 , AIRPORT ROAD, NEW AIRPORT ROAD , KURMITOLA , SECTOR 2","(43.99329, -107.94926)"
"BALUGHAT , DHAKA , BANGLADESH","(24.60171, 90.16315)"
"ANWARA DEMARK , TIPU SULTAN RD , WARI","(23.71667, 90.41667)"
"PRIANGON SHOPPINGH CENTER,MIRPUR RD,DHANMONDI","(23.74, 90.385)"
"DHAKA CITY COLLEGE,H 5,RD 2,DHANMONDI","(23.74, 90.385)"
"STARPATH HOLDINGS LIMITED , LAKE VIEW HOUSE , HOUSE 12 , ROAD 137 , GULSHAN 1 , GULSHAN","(23.7917, 90.4167)"
"10 , BADDA GIRLS SCHOOL ROAD , DAKKHIN BADDA , GULSHAN","(23.7917, 90.4167)"
"DNS GROUP , H 5 , BIR UTTAM AK KHANDAKAR RD , GULSHAN 1","(23.7917, 90.4167)"
"CP FIVE STAR , H 19 , RD 14 , SECTOR 14 , UTTARA","(23.8667, 90.4)"
"BISHNURPRIYA HOTEL,TATI BAZAR,KOTWALI","(25.74664, 89.25166)"
"MONER BONDHU , BLOCK B , LALMATIA","(24.43374, 88.45688)"
"7/1 , GIRLS SCHOOL  ROAD , DHANMONDI","(23.7505489, 90.3828733)"
"AARONG , RD 11 , BANANI","(23.7901076, 90.4107286)"
"GABTALI BUS TERMINAL,GABTALI","(23.96399, 90.65082)"
"21/10 , BLOCK C , TAJMAHAL ROAD , MOHAMMADPUR","(23.7646931, 90.3613414)"
"SQUARE HOSPITAL , INDIRA ROAD , RAZA BAZAR","(25.74442, 88.49186)"
"S POINT REGULAR SHOP , TA 203, SCHOOL RD , SOUTH BADDA","(24.34671, 90.00523)"
"MARIYA STORE,SARULIA,DEMRA","(23.70992, 90.45456)"
"RD 4 , PALLABI EXTENTION , PALLABI","(23.825, 90.37)"
"DESHSHOP,AHMED NAGAR,MIRPUR 1","(23.805, 90.366)"
"VBIM REAL ESTATE BD, SECTOR 4 , UTTARA","(23.8667, 90.4)"
"HOUSE 11,ROAD 22,BLOCK K,BANANI,DHAKA","(24.16667, 90.41667)"
"REHANA MONJIL , 200/A UTTAR SHYAMOLI , PASCHUM AGARGAON , SHYAMOLI ROAD NO 2 , MUKTU HOUSING , UTTAR SHYAMOLI , PASCHIM AGAR","(53.35222, -7.20167)"
"SHAH ALI BAG RD , SHAH ALI BAG , MIRPUR 1","(23.805, 90.366)"
"BAILY STAR,NEW BAILY RD","(23.7416293, 90.4100165)"
"PIZZA WALY , LAKE DRIVE ROAD , MIDDLE BADDA","(24.34671, 90.00523)"
"DHAKA COMMERCE COLLEGE , MIRPUR 2","(23.806746, 90.3529347)"
"JABER PHARMA , 391, ROAD 6 , MOHAMMADI HOUSING SOCIETY , MOHAMMADPUR","(23.7659, 90.35851)"
"MUGHAL KABAB HOUSE,ROAD 27,DHANMONDI","(23.74, 90.385)"
"H 405,AFTAB UDDIN AHMED RD,BLOCK B,BASHUNDHARA R/A","(38.5, -0.5)"
"H 71 , NAZIMUDDIN RD , NIJHUM R/A , HAZARIBAG","(23.66603, 90.44659)"
"17,ANANDA ROAD,UTTOR KAFRUL,PURBA KAZIPARA","(25.74623, 89.0251)"
"ISLAMI BANK. ITD , DANIA CLUB ROAD , JATRABARI","(24.98797, 90.90801)"
"H 211 , RD 4 , MOHAMMADI HOUSING SOCIETY , MOHAMMADPUR","(23.7659, 90.35851)"
"KHONDOKAR VILLA , 25 , MITALI HOUSING SOCIETY , SOUTH KAFRUL , POSHCHIM KAFRUL","(23.78822, 90.37359)"
"POLLI BIDYUT BUS STOP,DHAKA TANGAIL HIGHWAY,CHANDRA,1751","(24.0378147, 90.2558881)"
"SHAJAHANPUR ROAD,FAKIRAPOOL,SHAJAHANPUR","(24.76667, 89.4)"
"DINGI RESTAURANT , RD 8/A, DHANMONDI","(23.74, 90.385)"
"SHAHABUDDIN PLAZA , ADABAR , MOHAMMADPUR","(23.7659, 90.35851)"
"MOMIN KHABAR HOTEL , ZOO RD, MIRPUR 2","(23.805, 90.366)"
"PREM'S COLLECTION , GULSHAN 1 , GULSHAN","(23.7917, 90.4167)"
"740,AFROSA BEGUM ROAD,BASUNDHARA R/A,DHAKA","(24.16667, 90.41667)"
"SOBHANBAG JAME MASJID , MIRPUR RD , SOBHAN BAG , DHANMONDI","(23.74, 90.385)"
"NONDO SHOE MAKER , SECTOR 10 , UTTARA","(23.8667, 90.4)"
"FARMGATE METRO RAIL STATION , DHAKA","(23.7587815, 90.3879729)"
"H 36, RD 4 , PC CULTURE HOUSING SOCIETY , MOHAMMADPUR","(23.7659, 90.35851)"
"JCX BUSINESS TOWER,8 NO ROAD,BLOCK D,BASHUNDHARA R/A","(38.5, -0.5)"
"FATEMA FRUITS,NORTH BADDA","(24.34671, 90.00523)"
"NORTH END COFFEE ROASTERS LK TOWER 2 , GULSHAN 1 , GULSHAN","(23.7917, 90.4167)"
"NEW MUKTI  PHARMACY,B K DAS RD,FARASHGANJ","(22.85938, 90.90589)"
"RAINKHOLA CIRCLE,MIRPUR 1","(23.805, 90.366)"
"ZASS GROUP , ROAD 26 , GULSHAN 1 , GULSHAN","(23.7917, 90.4167)"
"HOUSE 6 , ROAD 9 , BLOCK G , BANANI , DHAKA","(24.16667, 90.41667)"
"THE H HOTEL,GULSHAN 2,GULSHAN","(23.7917, 90.4167)"
"IMANI'S DREAM , SECTOR 17 , UTTARA","(23.8667, 90.4)"
"JAYAN PHARMACY , 351/2, LANE 6 , SENPARA PARBATA , PURBA KAZIPARA","(25.74623, 89.0251)"
"BROTHERS FURNITURE LTD,SECTOR 4,UTTARA","(23.8667, 90.4)"
"STAR FURNITURE , DHAKA TANGAIL HIGHWAY , MOUCHAK , 1751","(24.0333, 90.2833)"
"THE WESTIN DHAKA , GULSHAN 2, GULSHAN","(23.7917, 90.4167)"
"BANDAR , BANDAR , NARAYANGANJ","(23.6141663, 90.5128143)"
"H 15/5, CHAMELIBAG RAJARBAG","(23.73828, 90.43947)"
"VA EVERYDAY, 1/16,BLOCK B,HUMAYUN ROAD,MOHAMMADPUR","(23.7659, 90.35851)"
"GATE 5 , MONIPURIPARA , BEGUM ROKEYA SARANI , MONIPURIPARA , TEJGAON","(23.76296, 90.38971)"
"JATRABARI CHOURASTA MOR , JATRABARI","(24.98797, 90.90801)"
"SUPER KABAB & COFFEE,PARIBAGH,
SHAHBAGH","(24.9101175, 67.0464247)"
"HOUSE 17 , ROAD 65 , GULSHAN 2 , GULSHAN","(23.7917, 90.4167)"
"KODOM ALI SUPER MARKET , MAWNA KALIAKAIR RD , FULBARIA 1740","(24.06077, 90.59398)"
AD DIN HOSPITAL RD MOGHBAZAR,"(23.65, 90.58)"
"NAVANA GROUP , INDUSTRIAL AREA , TEJGAON","(23.76296, 90.38971)"
"SHAFIPUR BAZAR, DHAKA TANGAIL HIGHWAY, MOUCHAK , 1751","(24.0333, 90.2833)"
"SUNBEAMS SCHOOL, ROAD 12 , SECTOR 10, UTTARA","(23.8667, 90.4)"
"SIGNBOARD BUS STOP , DHAKA CHITTAGONG HIGHWAY , SIGN BOARD , SHIDDHIRGANJ , NARAYANGANJ","(23.61352, 90.50298)"
"JUYEL STORE , BIBIR BAGICHA , JATRABARI","(24.98797, 90.90801)"
"HOUSE NO 18,ROAD 23,TURAG TIR,UTTARA","(23.8667, 90.4)"
"EASTERN BANK ATM ( EBL ) , SHAGUFTA NEW ROAD , SHAGUFTA , MIRPUR","(23.805, 90.366)"
"RD 2,SECTOR 12,UTTARA","(23.8686454, 90.3827138)"
"NON STOP AUTO CAR AC & ELECTRIC CENTER , SOLMAID VATARA","(-9.0, -70.0)"
"H 41/44, RD 2 , MOHAMMADPUR","(23.7659, 90.35851)"
"SOFIA GARDEN , 666 & 667 , BLOCK F ROAD 21,  BASHUNDHARA R/A","(8.3114869, -62.7336253)"
"APPYS COLLECTION,SECTOR 4,UTTARA","(23.8667, 90.4)"
69/6 BALUGHAT (KHOBIR MARKET) DHAKA CANTT DHAKA 1206,"(23.8179, 90.4103)"
"DICA TEX LIMITED,HOUSE 62,ROAD 18,SECTOR 11,UTTARA","(23.8667, 90.4)"
"BROTHER POULTRY,S KAMRUZZAMAN SARANI,FULBARIA","(24.06077, 90.59398)"
"AERO TURF, KUJRAT ALI MOLLAH SUPER MARKET , MIRPUR 12 , PALLABI , DHAKA","(24.16667, 90.41667)"
"rd 7, baitul aman housing society , mohammadpur","(23.7659, 90.35851)"
"TITAS GAS T & D CO. LTD BABU BAZAR BRIDGE,AGA NAWAB DEORY","(23.7731248, 90.4165895)"
"KAZI FARMS KITCHEN,BAKSHI BAZAR,OLD DHAKA","(24.16667, 90.41667)"
"MOHAMMADPUR , ARAIHAZAR , NARAYANGANJ","(23.61352, 90.50298)"
"CHITTAGONG UNIVERSITY DHAKA GUEST HOUSE , SHANTINAGAR , KAKRAIL","(23.73333, 90.4)"
"SOLSTICE,RUPAYAN PEARL,HOUSE 29,ROAD 121,GULSHAN 1,GULSHAN","(23.7917, 90.4167)"
"AYSHA PHARMACY , NORTH KAFRUL","(23.78822, 90.37359)"
"BAREK NEKETON , HOUSE 5 , ROAD 2 , SECTOR 6 , UTTARA","(23.8667, 90.4)"
"SEL CHANDRAMOLLIKA , SENPARA PARBATA , MIRPUR","(23.805, 90.366)"
"BASIC BUILDERS LIMITED,GULSHAN","(23.7917, 90.4167)"
"GORAN TEMPUSTAND , BAGAN BARI RD , GORAN","(23.75027, 90.43413)"
"CHILDREN PARK,RD 8,DHAKA CANTONMENT","(23.82444, 90.40556)"
"KOEL SHOP,SECTOR 11,UTTARA","(23.8667, 90.4)"
"559, NORTH KAFRUL ROAD , UTTAR KAFRUL , PASCHIM KAFRUL","(23.78822, 90.37359)"
"VIP GATE  , DHAKA RAILWAY STATION , KAMALAPUR","(23.73723, 90.42533)"
"Z/A , BLOCK D , SALIMULLAH ROAD , MOHAMMADPUR","(23.7659, 90.35851)"
"RAJUK UTTARA OFFICE , SECTOR 6","(23.8690918, 90.4053242)"
"PARIBAGH ROAD NUMBER 2 , WIRELESS , PALTAN","(23.73625, 90.41426)"
"MAZAR ROAD BUS STOP,MAZAR OAD,MOFIZBAGH HOUSING,GABTALI","(23.96399, 90.65082)"
"ARMY OFFICERS CLUB , SHAHID SARANI DHAKA CANTONMENT","(23.82444, 90.40556)"
"DAKSHIN PAIKPARA MAIN RD , PAIKPARA , MIRPUR 1","(23.805, 90.366)"
"S 68/3 , BADDA GIRLS SCHOOL RD , NORTH  BADDA","(24.34671, 90.00523)"
"MORNING GLORY,HOUSE 9 ROAD 3 SECTOR 10 UTTARA","(23.8667, 90.4)"
"CAPTAIN'S POINT JUICE BAR , BLOCK A , MIRPUR 12","(23.805, 90.366)"
"DHULIVITA , 1350","(23.9080403, 90.2123927)"
"NASCENT GARDENIA GULSHAN,PARK ROAD,BARIDHARA,GULSHAN","(23.80438, 90.421173)"
"BANGLADESH RALWAY HQ,ABDUL GANI RD,PURANA PALTAN","(23.73625, 90.41426)"
"MOTIJHEEL , ARAMBAGH , MOTIJHEEL RD , DHAKA","(24.16667, 90.41667)"
"AERONAUTICAL INSTITUTE OF BANGLADESH,SECTOR 13,UTTARA","(23.8667, 90.4)"
"CONSTELLATION ASSET MANAGEMENT COMPANY , GULSHAN 2 , GULSHAN","(23.7917, 90.4167)"
"FACYLTU OF SOCIAL SCIENCE,DU,KAZI NAZRUL ISLAM AVE,UNIVERSITY OF DHAKA","(24.16667, 90.41667)"
"KIVA HAN , HOUSE 1/A (1ST FLOOR ) , GULSHAN 1 , ROAD 23, DAKKHIN BADDA , GULSHAN","(23.7917, 90.4167)"
"HOUSE 43 , ROAD  1 , BLOCK   I   , BANANI , DHAKA","(24.16667, 90.41667)"
"HOUSE 6,ROAD 4/1,BLOCK B,SECTION,12,MIRPUR,PALLABI,DHAKA 1216","(23.7058322, 90.4229285)"
"GREEN VIEW , 385/4/A/B , FREE SCHOOL STREET ,DHANMONDI","(23.74, 90.385)"
"CLOTHERO, NOSOR UDDIN RD, MATIKATA","(25.14906, 88.65018)"
"BADDA HIGH SCHOOL , RD 2 , MIDDLE BADDA","(24.34671, 90.00523)"
"RASUL NAGAR,DHAKA,BANGLADESH","(24.16667, 90.41667)"
"VANTAGE TRAVEL SERVICES LIMITED , ROAD 131 , GULSHAN 1 , GULSHAN","(23.7917, 90.4167)"
"MEENA BAZAR , EASTERN ELITE CENTER , RD 9/A , DHANMONDI","(23.74, 90.385)"
"GULSHAN ALOHA,GULSHAN 1,GULSHAN","(23.7917, 90.4167)"
"19 , SECTION 10","(23.8088358, 90.3756426)"
"SHADHINATA BHABAN , SONIR AKHRA , JATRABARI","(24.98797, 90.90801)"
"EKAGRA HEALTH , ROAD 2 , RESIDENTIAL AREA , DHANMONDI","(23.74, 90.385)"
"KIDS TUTORIAL , H 7 , CIRCUIT HOUSE RD , KAKRAIL","(23.73333, 90.4)"
"MANARAT DHAKA INTERNATIONAL SCHOOL AND COLLEGE,RD 104,GULSHAN 1","(23.7917, 90.4167)"
"GREEN MANAGEMENT CERTIFICATION (GMC) , SECTOR 7 , UTTARA","(23.8667, 90.4)"
"PETROLIMEX , TECHNICAL MOR , MIRPUR ROAD , MOFIZBAGH HOUSING , GABTALI","(23.96399, 90.65082)"
"CHUTI HOLIDAYS TOURS & TRAVELS , ROAD 59 , GULSHAN NORTH , GULSHAN","(47.38333, 0.68333)"
"MPULSE ENGINEERING LIMITED,BLOCK J BARIDHARA","(23.80254, 90.42117)"
"H 380 /18/D KUNJOBON RD , EAST RAMPURA","(23.76261, 90.42051)"
"CHANDRIMA MODEL TOWN , MOHAMMADPUR","(23.7659, 90.35851)"
"BASIC COMFORT,ROAD 03,SECTOR 10,UTTARA","(23.8667, 90.4)"
"311, ROAD 12 , BLOCK C , BASUNDHARA R/A , 1229","(23.2900886, 90.379583)"
"CHAYANEER HOUSING SOCIETY,DHAKA BANGLADESH","(24.16667, 90.41667)"
ALAM NAGAR CENTRAL JAME MOSQUE,"(23.7958273, 90.2807759)"
"FLYER TRAVEL EXPRESS LTD , KALACHANDPUR","(23.86878, 89.87746)"
"GET CURED PHARMACY , H 4 , RD 27 , DHANMONDI","(23.74, 90.385)"
"BANANI BRIDGE,GULSHAN 2,GULSHAN","(23.7901795, 90.4116639)"
"SULTANS DINE GULSHAN BRANCH,GULSHAN 2,GULSHAN","(23.7917, 90.4167)"
"SRANDARD CHARTERED BANK LIMITED , GULSHAN AVENUE , GULSHAN 1 , GULSHAN , 1000","(23.729, 90.4112)"
"ROYAL EMBASSY OF THAILAND , SHAHID COLONEL GULZAR UDDIN RD , BARIDHARA","(23.80254, 90.42117)"
"HOUSE 14,ROAD 27,BLOCK J,BANANI,DHAKA","(23.7968846, 90.4068193)"
"RD 7 , BLOCK A , MIRPUR 11","(23.805, 90.366)"
"RUAP CHILDREN PARK , ROAD 2 , SECTOR 18 , UTTARA","(23.8667, 90.4)"
"CIVIL AVIATION  RESIDENTIAL AREA , SECTOR 2","(23.8459718, 90.4165019)"
"RIME REAL ESTATE & HOUSING LTD,SECTOR 4,UTTAR","(17.38298, -100.87314)"
"RANA DOOF , RAYERBAZAR HIGH SCHOOL BRANCH , MONESHWAR EOAD , DHANMONDI","(23.74, 90.385)"
"SAVE THE CHILDREN , HOUSE 35 , ROAD 43 , GULSHAN 2 , GULSHAN","(23.7917, 90.4167)"
TASTY TREAT UTTAR BADDA,"(24.34671, 90.00523)"
"BRTA BHABAN , NEW AIRPORT RD , BANANI","(23.7852922, 90.3997288)"
"CENTRAL HOSPITAL , RD 5 , DHANMONDI","(23.74, 90.385)"
"H 77,RD 9/A,WEST DHANMONDI","(23.74, 90.385)"
"15A , ROAD 99 , BANANI , GULSHAN","(23.7938552, 90.4182008)"
"GULSHAN 1, DHAKA , BANGLADESH","(23.6934106, 90.4345312)"
"KHILKHET UTTARPARA DORGY BARI , UTTARPARA","(24.88947, 90.46512)"
"DECK 41,47,ROAD 41,GULSHAN 2,GULSHAN","(23.7903402, 90.4126444)"
"HOUSE 21, SHAYESTA KHAN AVE, SECTOR 4 , UTTARA","(23.8667, 90.4)"
AARONG GULSHAN TEJGAON GULSHAN,"(23.7704933, 90.4098385)"
"CHILLS,ROAD 32,MIRPUR ROAD,DHANMONDI","(23.74, 90.385)"
"LABANGA,RD 1,DHANMONDI","(23.74, 90.385)"
"NAWAB HABIBULLAH MODEL SCHOOL & COLLEGE,SHAHJALAL AVE,SECTOR 4,UTTARA","(23.8678189, 90.4015196)"
"SOPNO MEDICINE CORNER , AVE 3 , BLOCK E , MIRPUR 1","(23.805, 90.366)"
"UTTORON , KACHUKHET , DHAKA CANTONMENT","(23.82444, 90.40556)"
"ROAD 124 , DAKKHIN BADDA , GULSHAN","(23.7738971, 90.4163949)"
KOLLANPUR BUS STOP MIRPUR ROAD ABDUL RAFIQ HOUSING GABTALI,"(23.96399, 90.65082)"
GREEN LIFE HOSPITAL,"(24.7465222, 90.4100964)"
"BFC , 25 , ROAD 11 , BANANI","(23.7901523, 90.4080272)"
"DUTCH BANGLA BANK LTD,ATM ,500/A/1(OLD),RD  8,DHANMONDI","(23.74, 90.385)"
"RD 84,GULSHAN 2","(23.7947055, 90.4023902)"
"HEALTH & HOPE HOSPITAL,GREEN RD,PANTHAPATH","(34.3517653, 47.0737042)"
"APPAYAN TEHARI GHAR , RD 27 , DHANMONDI","(23.74, 90.385)"
"TSC ISLAND , DHAKA UNIVERSITY SHAHBAG","(23.738, 90.4)"
"MUKTI FURNITURE , 2/KA , NORTH PEREBUG , MUKTI HOUSING , DOKKHIN MONIPUR","(23.47172, 91.0612)"
KAMALALPUR RAILWAY STATION KAMALAPUR,"(23.73723, 90.42533)"
"MASJID RD,ARAMBAG R/A,PALLABI","(23.825, 90.37)"
"C BLOCK , BANASREE , BLOCK C , BANASREE","(23.7620563, 90.4306606)"
"RD 7 , SECTOR 12 , UTTARA","(23.8706939, 90.3819509)"
"H 32 , RD 13, MERUL BADDA","(24.34671, 90.00523)"
