location,area
"""""""LUXOR,ZAFRABAD,MOHAMMADPUR""""""",Mohammadpur
"""""""LUXOR,ZAFRABAD,MOHAMMADPUR""""""",Mohammadpur
"""""""BAKSHIBAZAR GOVT. PRIMARY SCHOOL,HUSSAINI DALAN ROAD,NOORBAGH,SIDDIKBAZAR""""""",Lalbagh
"""The Asgar Show, Sector 4, Uttara""",Uttara
"""Koyla Restaurant Link Road, Gulshan 1""",Gulshan
"""AREA71 VENTURE LIMITED HEADQUARTERS, SECTOR 10, UTTARA""",Uttara
"""Peyaia Cafe, Kemal Ataturk Avenue, Banani""",Banani
"""Khilkhet Nikunja 2 Masjid, Road 5, Nikunja""",Nikunja
"""Area71 Venture Limited Headquarters, Sector 10, Uttara""",Uttara
"""1017, Master Para Road, Senpara Parbata, Borobagh""",Mirpur
"""Nafi Tower, 53, Gulshan Avenue, Gulshan 1, Gulshan""",Gulshan
"""ZH Sikder Women's Medical College, Sikder Medical Rd No.2, Sikder Estate, Hazaribagh""",Hazaribagh
"""Shezad Palace, Gulshan 2, Gulshan""",Gulshan
"""House 45, Road 4, Block C, Banani, Dhaka""",Banani
"""পেসক্রিপশন এইড, সেক্টর ১২, উত্তরা""",Uttara
"""Habiba Bhaban, H 510, Rs 9, Baridhara DOHS""",Baridhara
"""Domestic Terminal, New Airport Road, Kurmitola, Sector 2""",Kurmitola
"""Express House, Block H, Banani""",Banani
"""RD 1, Block G, Mirpur 1""",Mirpur
"""Dr Nadia Ferdous, Residential Area, Dhanmondi""",Dhanmondi
"""Le Chateau, Gulshan 2, Gulshan""",Gulshan
"""Vhai Bon Mansion, 81, Kalsi Road, Section 11""",Mirpur
"""Dutch Bangla Bank ATM, Airport Road, New Airport Road, Kurmitola, Sector 11""",Kurmitola
"""Bashundhara Masjid, R4, RD 3, Block D, Bashundhara R/A""",Bashundhara
"""Rabbani Hotel and Restaurant 1/1 Mirpur Rd, Begum Rokeya Sharani, Section 6""",Mirpur
"""Popular Place, Shekhertak, Mohammadpur""",Mohammadpur
"""Bakshibazar Govt. Primary School, Hussaini Dalan Road, Noorbagh, Siddikbazar""",Lalbagh
"""Brothers Furniture Ltd, Sector 4, Uttara""",Uttara
"""LUXOR, Zafrabad, Mohammadpur""",Mohammadpur
"""Dakshin Molla Tag, Bottola, Dakshin Molla Tag, Dakshinkhan""",Dakshinkhan
"""Nandan Dewan Park, Sector 4, Uttara""",Uttara
"""450/1, West Kafrul, Mukti Housing, RD 19, Sector 11, Uttara""",Uttara
"""Vivek Majesta, Gulshan 2, Gulshan""",Gulshan
"""H 695/6, RD 11, Adabor""",Adabor
"""Uttar Para, Khilkhet""",Khilkhet
"""Airport Road, New Airport Road, Kurmitola, Sector 2""",Kurmitola
"""Fresco, H 36, North Rd, Dhanmondi""",Dhanmondi
"""Gateway Overseas Education Solution, Road 03, Block B, Niketon""",Niketon
"""Xinxian Restaurant, Sector 1, Uttara""",Uttara
"""H 5, RD 20, Nikunja 2""",Nikunja
"""Banani Bridge, Gulshan 2, Gulshan""",Gulshan
"""Datacrift Limited, Residential Area, Dhanmondi""",Dhanmondi
"""16/A, Avenue 4, Section 11""",Mirpur
"""Playpen, H 271, RD 14, Block C, Bashundhara R/A""",Bashundhara
"""House 44, Road 12B, Block E, Banani, Dhaka""",Banani
"""75 Naya Paltan, Mosjid Goli""",Paltan
"""52/3, Road 2/1, Section 12""",Mirpur
"""Scholar's School and College, H 63, 71, RD 7/A, Dhanmondi""",Dhanmondi
"""Ibn Sina Diagnostic & Consultation Centre, Gareeb E Nawaz Avenue, Sector 13, Uttara""",Uttara
"""Herfy, Block I, Bashundhara R/A""",Bashundhara
"""PLOT 330, RD 14, BLOCK A, BASUNDHARA R/A""",Bashundhara
"""SOROK 12, BASUNDHARA R/A""",Bashundhara
"""NR TOURS & TRAVELS, SECTOR 4, UTTARA""",Uttara
"""METRO PROPERTIES LIMITED, ROAD 36, GULSHAN 2, GULSHAN""",Gulshan
"""SHOHAH MANZIL, KA 86/A, RD 12, BARIDHARA DOHS""",Baridhara
"""GULEV JANNAT ARIFABAD MAHILA MADRASA, I/10, ARIFABAD HOUSING ROAD, EXTENDED PALLABI, MIRPUR""",Mirpur
"""CAFE HUNGRY BITES, SATMASJID RD, JIGATALA""",Jigatola
"""H18, MAIN RD, SOUTH BANASHREE PROJECT""",Banasree
"""HEAVEN SALON, 77, ROAD 17A, BANANI""",Banani
"""DUTCH BANGLA BANK LIMITED, 4, SHYAMOLI ROAD NO 2, SHYAMOLI COMPLEX, SHYAMOLI""",Shyamoli
"""EMON MAHMUD, HOUSE 1, ROAD 7, BLOCK B, RAJMONI TOWER, NOBODOY HOUSING""",Mohammadpur
"""UNIQUE DIAGNOSTIC CENTER, GREEN ROAD, DHANMONDI""",Dhanmondi
"""REALIANCE BUILDING, H 146, RD 8, BLOCK D, BASHUNDHARA R/A""",Bashundhara
"""73/H/1, SHAHID BUDDIJIBI MUNIR CHOWDHURY ROAD, DHANMONDI""",Dhanmondi
"""METLIFE ALICO (KADER AGENCY) UTTARA, DHAKA, SECTOR 7""",Uttara
"""SUMON TEA STORE, SHYAMOLI, MOHAMMADPUR""",Shyamoli
"""H 662, RD 20, BLOCK F, BASHUNDHARA R/A""",Bashundhara
"""MUKTA PHARMACY, COMMERCE COLLEGE ROAD, SECTION 2""",Mirpur
"""DR CHADAT ULLAH NATIONAL SCHOOL, 40/B2, SYLHETI PARA ROAD, MANESHWAR, HAZARIBAG""",Hazaribagh
"""SHELTECH SIERRA, 236, NEW ELEPHANT ROAD""",Elephant Road
"""KHUSHBU, 111, ROAD 4, BLOCK C, BASHUNDHARA R/A""",Bashundhara
"""APURUPA HAIR STYLE, R K MISSION RD, GOPIBAG""",Gopibagh
"""KOMIKA NID MAHAL, 423, SOUTH PAIKPARA, GARDEN VIEW ROAD, MUKTI HOUSING, DAKSHIN PAIKPARA""",Mirpur
"""H 8, RD 30, DHANMONDI""",Dhanmondi
"""MUTUAL TRUST BANK, SPICY CHICKEN RESTAURANT, JAHURUL ISLAM AVE, MERUL BADDA""",Badda
"""H 93/1, RD 8, NIKETON""",Niketon
"""PROJONMO BUS STOP, JAGANNATH UNIVERSITY, ATISH DEOANKAR ROAD, MODDHO BASHABO, SHHJAHANPUR""",Bashabo
"""NASIM ENTERPRISE, SECTOR 12, UTTARA""",Uttara
"""BAILEY VISTA, H 6, SIDDHEWARI LN, SIDDHESWARI""",Siddheshwari
"""AMICUS, HOUSE 8, MYMENSINGH ROAD, PARIBAGH, SHAHBAGH""",Shahbagh
"""AL AMIN HOUSE, H 8, RD 1, BLOCK A, BANASHREE""",Banasree
"""RATAN KUTIR, H 146/1, NEW BAILEY RD""",Bailey Road
"""KOHINUR GENERAL STORE, H 2/2, MIRPUR RD, LALMATIA""",Lalmatia
"""MUTUAL TRUST BANK, AIRPORT ROAD, NEW AIRPORT ROAD, KURMITOLA, SECTOR 2""",Kurmitola
"""HOUSE 80, RD 12, SECTOR 10""",Uttara
"""SHANTINAGAR BUS STOP""",Shantinagar
"""TAHMINA MANZIL, 209/1, 195 SHANTIBAG ROAD, SHANTIBAGH, MALIBAGH""",Shantibagh
"""DHAKA MEDICAL HOSPITAL 2, ZAHIR RAIHAN SARANI, DHAKA MEDICAL COLLEGE""",Ramna
"""UNIVERSAL MUSIC & TIME BOOKS, DOCTOR GOLI, MALIBAGH""",Malibagh
"""NTRENZ, MIRPUR, DOHS RD, PALLABI""",Mirpur
"""KAVAZO, ROAD 11, BLOCK H, BANANI""",Banani
"""PROJONMO BUS STOP, JAGANNATH UNIVERSITY, ATISH DEPANKAR ROAD, MODDHO BASHABO, SHHJAHANPUR""",Bashabo
"""NASIM ENTERPRISE, SECTOR 12, UTTARA""",Uttara
"""BAILEY VISTA, H 6, SIDDHESWARI LN, SIDDHESWARI""",Siddheshwari
"""NAWAB HABIBULLAH MODEL SCHOOL & COLLEGE, SHAHJALAL AVE, SECTOR 4, UTTARA""",Uttara
"""AMICUS, HOUSE 8, MYMENSINGH ROAD, PARIBAGH, SHAHBAGH""",Shahbagh
"""INSAF BARAKAH KIDNEY & GENERAL HOSPITAL, SHAHID TAJUDDIN AHMED SARANI, MOGBAZAR""",Moghbazar
"""AL AMIN HOUSE, H8, RD 1, BLOCK A, BANASHREE""",Banasree
"""AL HERA JAME MASJID, PILKHANA RD, AZIMPUR""",Azimpur
"""DESCO, VATARA RD, NATUN BAZAR""",Vatara
"""SHOUVA, KA 22/B, SHAHID FAZLUL HAQUE RD, NADDA""",Nadda
"""HOUSE A/9, AL KAMAL HOUSING, ZOO ROAD, MIRPUR, DHAKA""",Mirpur
"""IBN SINA MEDICAL COLLEGE AND HOSPITAL, KALLYANPUR""",Kallyanpur
"""AHN TOWER, BIR UTTAM CR DATTA RD, HATIRPOOL""",Hatirpool
"""SHAMEEM REFRIGERATION WORKS LTD, GULSHAN 1, GULSHAN""",Gulshan
"""PWD JAME MASJID, RAJARBAG""",Rajarbagh
"""GOLAP VILLA 1, 37, ROAD 10A, DHANMONDI R/A""",Dhanmondi
"""ARONG ER GOLI, WIRELESS, MOGBAZAR""",Moghbazar
"""HIGH PARK RESIDENCE, H 99, VIQARUNNISA RD, SHIDDESWARI""",Siddheshwari
"""J AND J ENTERPRISE, HOUSE 144, KHILBARIRTEK MAIN ROAD, VATARA, DHAKA 1212""",Vatara
"""MOHAMMADIA R/A MAIN RD, PROMINENT HOUSING, MOHAMMADPUR""",Mohammadpur
"""HOUSE 14, ROAD 6, SECTOR 10, UTTARA""",Uttara
"""WEAT MERUL JAME MASJID, WEST MERUL BADDA RD, MERUL BADDA""",Badda
"""FERNS WOOD, 41, RAJA BAZAR INDIRA ROAD, DHANMONDI""",Dhanmondi
"""LAKE CITY CONCORD, KHILKHET""",Khilkhet
"""HOUSE 430, ROAD 17, BLOCK A, BASHUNDHARA R/A""",Bashundhara
"""GALAXY MEDICINE CORNER, 1/1, SECTION 2""",Mirpur
"""AYESHA VILLA, H 680, RD 12A, ADABOR""",Adabor
"""SHOHAG TEA STORE, SECTOR 8, UTTARA""",Uttara
"""BEIRUT 99, 235, ROAD 13E, BANANI""",Banani
"""SAMIR ELECTRONIC, 445, 445/1, GREENWAY ROAD, WIRELESS, MOGBAZAR""",Moghbazar
"""CK MARITIME LTD, PLOT 836, ROAD 12, AVENUE 3, MIRPUR DOHS""",Mirpur
"""52/2, SALIM UDDIN MARKET ROAD, SENPARA PARBATA, AHMED NAGAR""",Mirpur
"""ORIENTA MULTI PURPOSE COOPERATIVE, FOOTOVERBRIDGE, NIJHUM RESIDENTIAL AREA, HAZARIBAG""",Hazaribagh
"""CITY BANK ATM, BIR UTTAM MIR SHAWKAT SARAK, TEJGAON""",Tejgaon
"""OGSB HOSPITAL, BLOCK C, MIRPUR 13""",Mirpur
"""SATTAR VABAN, H 32/3, RD 10, JANATA HOUSING, MOHAMMADPUR""",Mohammadpur
"""VAI VAI CYCLE & HARDWARE, RD 8, SHEKHERTEK, MOHAMMADPUR""",Mohammadpur
"""AARONG, LALMATIA""",Lalmatia
"""15/3, MIRERTEK ROAD, WIRELESS, MOGBAZAR""",Moghbazar
"""MNA BARRISTERS & ADVOCATES, SUITE 3B, H 7, RD 33, GULSHAN 1""",Gulshan
"""SHAHJADPUR EAST SOUTH PARA RD, NORTH BADDA""",Badda
"""HOUSE 37, ROAD 5, SECTOR 10, UTTARA""",Uttara
"""UNITED SEED DHAKA, DHAKA ARICHA HIGHWAY, 1347""",Not Classified
"""AFTAB NOGOR MAIN ROAD, BLOCK C, 32 NUMBER BUILDING, 5TH FLOOR OF LIFT""",Aftabnagar
"""GREEN VIEW, 385/4/A/B, FREE SCHOOL STREET, DHANMONDI""",Dhanmondi
"""RANGS MALANCHA, WEST, DHANMONDI""",Dhanmondi
"""H 231, SATARKUL RD, BAWAILA PARA, BADDA""",Badda
"""JANATA SOROK, H 620, RD 19, BLOCK F, BASHUNDHARA R/A""",Bashundhara
"""I CARE COMPUTER SYSTEM, HOUSE 41/2/E/3, HARI CHARAN RAY ROAD, FARIDABAD, GENDARIA, DHAKA 1204""",Gendaria
"""H 366/6, RD 6, BARIDHARA DOHS""",Baridhara
"""NEW JANANI ENGINEERING WORKSHOP, NABI NAGAR HOUSING, MOHAMMADPUR""",Mohammadpur
"""G. PRASANTY, 10, ROAD 3, MUKTI HOUSING, KALLYANPUR""",Kallyanpur
"""AIRPORT ROAD, NEW AIRPORT ROAD, KURMITOLA, SECTOR 2""",Kurmitola
"""SOHRAWARDY AVENUE, BARIDHARA, GULSHAN""",Gulshan
"""27/26, BLOCK D, SHER SHAH SURI ROAD, MOHAMMADPUR""",Mohammadpur
"""POPULAR MEDICAL COLLEGE OUTDOOR, RESIDENTIAL AREA, DHANMONDI""",Dhanmondi
"""JAMIYA DERACHATUL MADRASA, H54, CENTRAL RD, DHANMONDI""",Dhanmondi
"""BANK ALFALAH LIMITED MIRPUR, HOUSE 1, KALSI ROAD, BLOCK D, SECTION 11, MIRPUR, DHAKA 1216""",Mirpur
"""MEDICARE DRUG HOUSE, 433/A, SOUTH PAIKPARA, ROAD 14, BLOCK D, MUKTI HOUSING, DOKKHIN PAIKPARA""",Mirpur
"""UNITED HOSPITAL, RD 72, GULSHAN 2""",Gulshan
"""H D 6, OUTER CIRCULAR RD, AGB COLONY, MOTIJHEEL""",Motijheel
"""BANGLADESH FILM DEVELOPMENT CORPORATION (FDC), KAWRAN BAZAR FDC ROAD, WIRELESS, NEKATAN""",Kawran Bazar
"""AIRPORT MASJID, NEW AIRPORT RD, KAWLA BUS STOP, NEW AIRPORT RD""",Kurmitola
"""BANGLADESH AQUA ZONE, KATABAN ROAD, NIJHUM RESIDENTIAL AREA, HAZARIBAGH""",Hazaribagh
"""KANU LAL MISTANNO BHANDAR, H 105, MUGDAPARA""",Sabujbagh
"""NASRIN VILLA, H 6, MASJIDER GOLI, ADABOR""",Adabor
"""NILIMA LADIES TAILORS, H 34, RD 4, DHANMONDI""",Dhanmondi
"""HOMEOPATHIC FOUNDATION HOSPITAL & RESEARCH CENTER, KAZIPARA, MIRPUR 10""",Mirpur
"""H 26/11, TAJMAHAL RD, MOHAMMADPUR""",Mohammadpur
"""SABBIR TEA STORE, BOSILA, MOHAMMADPUR""",Mohammadpur
"""RONY TELECOM, MOSQUE ROAD 2, KORAIL, MOHAKHALI""",Mohakhali
"""IFIC BANK LIMITED (RAYER BAZAR SUB-BRANCH), RAYER BAZAR, MOHAMMADPUR""",Mohammadpur
"""HSBC BANK ATM, WEST DHANMONDI""",Dhanmondi
"""SALMAN, POLICE BOX, BEGUM ROKEYA SHARANI, WEST KAFRUL, PURBA KAZIPARA""",Mirpur
"""H 480, SHAHID BAKI SARAK, TALTOLA, KHILGAON""",Khilgaon
"""FERDAUSI FASHION, SECTOR 9, UTTARA""",Uttara
"""APOLLO HOSPITAL BASEMENT MASJID, H 81, STS AVE, BLOCK E, BASHUNDHARA R/A""",Bashundhara
"""H 49, RD 12, NIKUNJA 2""",Nikunja
"""HOUSE 66, ROAD 2, BLOCK A, NIKETAN, GULSHAN""",Niketan
"""NATIONAL HEART FOUNDATION (WOMAN & CHILD CARDIAC UNIT), TOLARBAG 1st LANE, DHAKA""",Mirpur
"""H 42, RD 12, PC CULTURE HOUSING, ADABOR""",Adabor
"""HOLY FAMILY RED CRESCENT MEDICAL COLLEGE HOSPITAL, H 1, ESKATON GARDEN RD, OLD ESKATON""",Eskaton
"""DEWAN CO, 109, DIT ROAD, MALIBAGH RAIL GATE, MALIBAGH""",Malibagh
"""H 8/A, RD 12, MOHAMMADI HOUSING SOCIETY, MOHAMMADPUR""",Mohammadpur
"""BLOCK I, BASHUNDHARA R/A""",Bashundhara
"""SHELTECH SHAFIQUE'S TOWER 28, ROAD 15A, DHANMONDI R/A""",Dhanmondi
"""SHIKDER BARI, EASTERN HOUSING, GOLDEN STREET, SHYAMOLI, MOHAMMADPUR""",Mohammadpur
"""FVL RAMISA, HOUSE 6/A, ROAD 7, MOHAMMADPUR HOUSING LIMITED, MOHAMMADPUR""",Mohammadpur
"""SOFIA GARDEN 666 & 667, BLOCK F, ROAD 21, BASHUNDHARA R/A""",Bashundhara
"""SARA PIZZA (BANASREE-E), BLOCK E, H 381/2""",Banasree
"""SHILPI HOTEL GOLI, SHAHIDBAG, MALIBAG""",Malibagh
"""JAPAN GARDEN CITY, BUILDING 19, FLAT 701, MOHAMMADPUR""",Mohammadpur
"""NAMIRA KITCHEN, H 1102, MIRPUR RD 14, KACHUKHET""",Mirpur
"""BONAYON.COM LANDSCAPING & INDOOR-OUTDOOR PLANTS, MIRPUR CANTONMENT""",Mirpur
"""APEX, ROAD 27 (NEW 16), DHANMONDI R/A""",Dhanmondi
"""BISMILLAH, 06, ROAD 1, BLOCK D, BASHUNDHARA R/A""",Bashundhara
"""SUB LOVER'S, OINK CITY, GULSHAN-2""",Gulshan
"""BANGLADESH SPECIALIZED HOSPITAL, MIRPUR RD, SHYAMOLI""",Shyamoli
"""H 22, RD 7, KADERABAD HOUSING, MOHAMMADPUR""",Mohammadpur
"""CHEESY SLICE, MIRPUR CANTONMENT""",Mirpur
"""19, ROAD 120, BANANI, GULSHAN""",Gulshan
"""MITHAI MALIBAG COMMUNITY CENTER, CHOWDHURIPARA, MALIBAGH""",Malibagh
"""POLICE CONVENTION HALL, OLD ELEPHANT ROAD, WIRELESS, PALTAN""",Paltan
"""ROAD 96, GULSHAN 2, GULSHAN""",Gulshan
"""RIJIYA BHAVAN, H 2/GA, HABIBULLAH RD, SHAHBAG""",Shahbagh
"""REEN HOMES, H 10/7, IQBAL RD, MOHAMMADPUR""",Mohammadpur
"""ANOSHUA, H 59, RD 25, BANANI""",Banani
"""PACIFIC ASSOCIATES LTD, ROAD 114, GULSHAN AVE, GULSHAN 2""",Gulshan
"""CP FIVE STAR, H 99/2, AZIMPUR RD, AZIMPUR""",Azimpur
"""160, HATIRPOOL, DHANMONDI R/A, PALTAN""",Hatirpool
"""82/12, SOUTH BARONTEK, DHAKA 1206""",Not Classified
"""YOUNG FOREVER, ROAD 06, BANANI DOHS, BANANI""",Banani
"""DHAKA COMMERCE COLLEGE, COMMERCE COLLEGE ROAD, SECTION 2""",Mirpur
"""ASIA LING APPARELS (BD) LTD, SECTOR 7, UTTARA""",Uttara
"""HUIGH PARK RESIDENCE, H 99, VIQARUNNESA RD, SHIDDESWARI""",Siddheshwari
"""SUNBEAM CAFE, 38A, ROAD 103, GULSHAN 2""",Gulshan
"""ABDUL GHANI LODGE, 23/P, ROAD NO. 2, BLOCK D, BASHUNDHARA R/A""",Bashundhara
"""AZIMPUR CHAPRA MASJID, AZIMPUR CHAPRA MASJID RD, AZIMPUR""",Azimpur
"""CPM (CENTER FOR PHYSIOTHERAPY AND MOBILITY), MALIBAGH RAIL GATE, MALIBAGH""",Malibagh
"""HOUSE 66, ROAD 2, BLOCK A, NIKTEN, GULSHAN""",Niketan
"""ROAD 131, DAKKHIN BADDA, GULSHAN""",Badda
"""SHIKDER BARI, EASTERN HOUSING, GOLDEN STREET, SHYMOLI, MOHAMMADPUR""",Mohammadpur
"""BLOCK I, BASHUNDHARA R/A""",Bashundhara
"""DEWAN CO, 109, DIT ROAD, MALIBAGH RAIL GATE, MALIBAGH""",Malibagh
"""SABAAH PHARMA, SECTOR 3, UTTARA""",Uttara
"""NILAMBAR CORPORATION, BLOCK F, BANANI""",Banani
"""RD 7, BLOCK E, MIRPUR 1""",Mirpur
"""RD 26, BLOCK L, BASHUNDHARA R/A""",Bashundhara
"""1, PARIBAGH GARDEN TOWER, PARIBAGH""",Paribagh
"""YAGISHITA PALACE, 2, ROAD 7, SECTION 2, UTTOR BADDA ABDULLABAG""",Badda
"""RD 15, BLOCK J, BASHUNDHARA R/A""",Bashundhara
"""SOUTH BADDA ROAD, DAKKHIN BADDA, GULSHAN""",Badda
"""CLIFFORD NAFI, H 17, RD 5, KADERBAD HOUSING, MOHAMMADPUR""",Mohammadpur
"""MIRPUR MISSION, 8, SHOROK 2, SECTION 2""",Mirpur
"""28 SHAHID MINAR RD, MUKTI HOUSING, KALLYANPUR""",Kallyanpur
"""REKHA SHOES, H 97, 98, 111/1, ELEPHANT RD""",Elephant Road
"""SHEIKH RUSSEL NATIONAL GASTROLIVER INSTITUTE & HOSPITAL, TB GATE ROAD, MOHAKHALI""",Mohakhali
"""ZAMAN TOWER, H 37. 2, CULVERT RD, FAKIRAPOOL""",Fakirapool
"""AVENUE 2, ROAD 12, H 875, MIRPUR""",Mirpur
"""TOPIA SHARUBA, 280, D BLOCK 9 NO ROAD, BLOCK D, BASHUNDHARA R/A""",Bashundhara
"""SOFIA GARDEN, 666 & 667, BLOCK F ROAD 21, BASHUNDHARA R/A""",Bashundhara
"""TASHPIA KAZI TOWER, ROAD 9, BLOCK M, BANASREE""",Banasree
"""DR. SINTHIA CONSULTANT - CLINICAL & AESTHETIC DERMATOLOGY, GULSHAN 2""",Gulshan
"""ROAD NO. 22, BASHUNDHARA R/A""",Bashundhara
"""AN ARK NEPAL HOUSE, HOUSE 11, LANE 11/1, BLOCK B, SECTION 10, MIRPUR""",Mirpur
"""H 37/L, RD 3, BLOCK D, BASHUNDHARA R/A""",Bashundhara
"""HOMELAND MAHABUB PALACE, HOUSE 295/A SAYEM SOBHAN ANVIR ROAD, BLOCK C, BASHUNDHARA R/A""",Bashundhara
"""EXCLUSIVE APARTMENT, 384, AL HAJ ABDUS SOBHAS ROAD, BLOCK B, BASHUNDHARA R/A""",Bashundhara
"""UTTARA ENGINEERING COLLEGE, PAPER MILL ROAD, ABDULLAHPUR, UTTARA""",Uttara
"""RAHMAN CHEMBER, TOYENBEE ROAD, BANGLABHABAN AREA, HATKHOLA""",Hatkhola
"""UTTARA NORTH METRO RAIL STATION, DHAKA""",Uttara
"""EMON, H 28/A, RD 1, MOHAMMADI HOUSING LTD, MOHAMMADPUR""",Mohammadpur
"""THE MAJSTIC, ADHUNIK HOSPITAL ROAD, SECTION 12""",Mirpur
"""FARUK GENERAL STORE, H 8/15, RD 1, BLOCK C, LALMATIA""",Lalmatia
"""HAZRAT SHAHJALAL INTERNATIONAL AIRPORT, KURMITOLA""",Kurmitola
"""UNITED HOSPITAL LIMITED CAFE, ROAD 72, GULSHAN 2""",Gulshan
"""APOLLO HOSPITAL, H 81, SAYEM SOBHAN ANVIR RD, BLOCK E, BASHUNDHARA R/A""",Bashundhara
"""TRAUMA CENTER & AO ORTHOPADIC HOSPITAL, SHYAMOLI, MOHAMMADPUR""",Shyamoli
"""RD, MIRPUR 1""",Mirpur
"""SALINA HIT'S, 39/3, ROAD 2, SECTION 12""",Mirpur
"""DHAKA AIRPORT RAILWAY STATION, AIUB CAMPUS, KURATALI, KHILKHET, BASHUNDHARA R/A""",Khilkhet
"""DICA TEX LIMITED, HOUSE 62, ROAD 18, SECTOR 11, UTTARA""",Uttara
"""GOLDEN TULIP THE GRANDMARK DHAKA, BLOCK H, BANANI""",Banani
"""HOUSE 51, ROAD 16, SECTOR 14, UTTARA""",Uttara
"""M/S MAA BEDDING STORE, H 228, GREEN RD""",Dhanmondi
"""SN PALACE, H 696, RD 21, BLOCK F, BASHUNDHARA R/A""",Bashundhara
"""NEW AL IMAM HOTEL AND RESTAURANT, H 1, TOYENBEE CIRCULAR RD, FAKIRAPOOL""",Fakirapool
"""TRIBUTE HOMES, 35, ROAD 114, GULSHAN 2""",Gulshan
"""HOUSE 2, ROAD 15, BLOCK D, BANANI, DHAKA""",Banani
"""TITAS PAR INTERNATIONAL, HOUSE 484, ROAD 32, MOHAKHALI DOHS""",Mohakhali
"""GULSHAN POLICE CHECKPOST, GULSHAN AVENUE, GULSHAN 2""",Gulshan
"""LURASHNA, H 394 395, RD 21, BLOCK G, BASHUNDHARA R/A""",Bashundhara
"""HURDACO INTERNATIONAL SCHOOL, RD 2, BLOCK A, BASHUNDHARA R/A""",Bashundhara
"""IRRI, H 103, RD 1, BANANI""",Banani
"""DISH & DESSERT, BLOCK C, BANANI""",Banani
"""ASOI-JV (TECHNICAL), BANANI DOHS""",Banani
"""DARMAESTHETICS SKIN & LASER CENTRE, SECTOR 13, UTTARA""",Uttara
"""INSPIRA ADVISORY AND CONSULTING LTD, GULSHAN 1""",Gulshan
"""MIRPUR STADIUM MARKET, MILK VITA ROAD, SECTION 6""",Mirpur
"""LN 5, MOHAKHALI DOHS""",Mohakhali
"""UNITED HOSPITAL, RD 72, GULSHAN 2""",Gulshan
"""AIR AMBULANCE AND STRETCHER SERVICES ON COMMERCIAL AIRLINES, KEMAL ATATURK AVENUE, BANANI""",Banani
"""HOUSE 37, LAKE DRIVER ROAD, SECTOR 7, UTTARA""",Uttara
"""SHORNALI, ROAD 2/A, HOUSE 08, BLOCK F, BANANI""",Banani
"""APURBA APSORA GARDENIA, 530, BLOCK F ROAD 17, BASHUNDHARA R/A""",Bashundhara
"""PLOT 647, RD 3, BLOCK G, BASHUNDHARA R/A""",Bashundhara
"""BRAC BANK LTD, GULSHAN AVE, GULSHAN 2""",Gulshan
"""GEMINI SHOPPING CENTER, KEMAL ATATURK AVENUE, BANANI""",Banani
"""298, BLOCK ROAD 1, BASHUNDHARA R/A""",Bashundhara
"""898, ROAD NO. 17, BASHUNDHARA R/A""",Bashundhara
"""CANADIAN UNIVERSITY OF BANGLADESH, 99, ROAD 11, BANANI""",Banani
"""MAYABI SHARMIN, HOUSE 274, AL HAJ ABDUS SOBHAN ROAD, BLOCK B, BASHUNDHARA R/A""",Bashundhara
"""BASHAT ARCHITECTS ENGINEERS, BLOCK F, BANANI""",Banani
"""H 319, AKBAR RD, BLOCK D, BASHUNDHARA R/A""",Bashundhara
"""DBBL FAST TRACK, BLOCK F, BANASREE""",Banasree
"""MILIMA, 164, ROAD 4, BLOCK D, BASHUNDHARA R/A""",Bashundhara
"""RD 3, TURAG CITY, MIRPUR 1""",Mirpur
"""TECHNICHE CONSULTING SERVICES BD, ROAD 01, BLOCK F, BANANI""",Banani
"""70/D, DOLPHIN GOLI, DHANMONDI""",Dhanmondi
"""6, ROAD 4, NIKUNJA 2""",Nikunja
"""H 119/2, KAZI OFFICE LN, SIDDHESWARI""",Siddheshwari
"""ROAD NO. 14, BLOCK A, BASHUNDHARA R/A""",Bashundhara
"""SHWAPNO, RESIDENTIAL AREA, DHANMONDI 27""",Dhanmondi
"""LAKE SIDE, 31, ROAD 28 (NEW 15), DHANMONDI R/A""",Dhanmondi
"""RAMNA PS, SAHID CAPTEN MUNSUR ALI AVENUE, WIRELESS, PALTAN""",Paltan
"""PHARMACY, RD 9, MIRPUR DOHS""",Mirpur
"""H 848, RD 19, BLOCK G, BASHUNDHARA R/A""",Bashundhara
"""BASHUNDHARA PURBACHAL LINK RD, BLOCK J, BASHUNDHARA R/A""",Bashundhara
"""KALACHANDPUR MAIN ROAD, BARIDHARA, GULSHAN""",Gulshan
"""GLORIA JEANS COFFEE, ROAD 71, GULSHAN 2""",Gulshan
"""ROAD 20, KOTBARI BAZAAR, SECTOR 7""",Uttara
"""HONGKONG SHANGHAI TOWER, H108, RD 11, BANANI""",Banani
"""SHANGHAI CHINESE CAFE, RD 11, BANANI""",Banani
"""469, ROAD NO. 7, BASHUNDHARA R/A""",Bashundhara
"""ABDUS SATTAR, 28, SECTION 2""",Mirpur
"""OBSTERICAL & GYNAECOLOGICAL SOCIETY OF BANGLADESH HOSPITAL (OGSB HOSPITAL), SECTION 13, MIRPUR""",Mirpur
"""BISHMILLAH, 06, ROAD 1, BLOCK D, BASHUNDHARA R/A""",Bashundhara
"""MALIHA APARTMENTS, PLOT 24, SENPARA PARBATA, MIRPUR 10""",Mirpur
"""PRIYO NEER, H 13/A, ESKATON GARDEN RD, OLD ESKATON""",Eskaton
"""PARTY PIZZA HOUSE, MOHAMMADPUR, ADABOR""",Adabor
"""RIZ PARK, ADABAR, MOHAMMADPUR""",Adabor
"""THE PRESTIGE MAGAZINE, HOUSE 47, ROAD 11, BLOCK H, BANANI""",Banani
"""NORTH END COFFEE ROASTERS, EVERCARE HOSPITAL, BLOCK E, BASHUNDHARA R/A""",Bashundhara
"""HOUSE 28, ROAD 8, SECTOR 12, UTTARA""",Uttara
"""SETARA BEGUM, H 104, RD 7, MOHAMMADI HOUSING SOCIETY, MOHAMMADPUR""",Mohammadpur
"""DOMESTIC TERMINAL, NEW AIRPORT ROAD, KURMITOLA, SECTOR 2""",Kurmitola
"""RD 28, BLOCK D, MIRPUR 10""",Mirpur
"""3/1 KALLYANPUR PRODHAN SARAK, NOTUN BAZAR, MUKTI HOUSING, MODDHO PAIKPARA""",Mirpur
"""334, I BLOCK ROAD 1, BASHUNDHARA R/A""",Bashundhara
"""AAA FASHION, MAIN ROAD, SECTION 6""",Mirpur
"""LA GUSTOSA KITCHEN, RESIDENTIAL AREA, DHANMONDI""",Dhanmondi
"""GODULE, 102, SARAK 14, KHILKHET, BASHUNDHARA R/A""",Khilkhet
"""TULIP MOONLIT, H 333, RD 18, BANANI""",Banani
"""HAZRAT SHAH JALAL INTERNATIONAL AIRPORT, DHAKA MYMENSINGH HIGHWAY, KURMITOLA""",Kurmitola
"""SECTOR 8, UTTARA""",Uttara
"""MINTU GENERAL STORE, 342/A/3, NORTH PEREBUG, MUKTI HOUSING, MODDHO PAIKPARA""",Mirpur
"""KFC, BAILY ROAD, NATOK SARANI, GOLD HUNT SHOPPING COMPLEX""",Bailey Road
"""MOMTAZ BEGUM, 167/2/B, ROAD 4, JANATA HOUSING, SENPARA PARBATA""",Mirpur
"""ARSALAM HOTEL AND RESTURENT, 14, ROAD 7, DHANMONDI""",Dhanmondi
"""SORAI JAME MASJID ROAD, JATRABARI""",Jatrabari
"""RAILWAY STAFF ACCOMMODATION, DHAKA MYMENSINGH HIGHWAY, KURMITOLA, SECTOR 1""",Kurmitola
"""ROAD 3, BLOCK D, BASHUNDHARA R/A""",Bashundhara
"""10, ROAD 1, SECTION 7""",Mirpur
"""693, ROAD NO. 1, BASHUNDHARA R/A""",Bashundhara
"""DURI ANGUL 2ND LANE, DURI ANGUL LANE, NABABGANJ, HAZARIBAGH""",Hazaribagh
"""SHAHID TAZUDDIN AHAMED AVENUE, WIRELESS, NIKETON""",Niketon
"""176/5/1, WEST KAFRUL, TALTOLA, WEST KAFRUL""",Mirpur
"""24, GREENWAY ROAD, WIRELESS, MOGBAZAR""",Moghbazar
"""HOUSE 17, BLOCK A, WAZUDDIN ROAD""",Not Classified
"""ISMAIL PHARMACY, SURTARANGA RD, WEST ARICHPUR""",Not Classified
"""DUTCH BANGLA BANK LTD, KALSI RD, MIRPUR 11""",Mirpur
"""KALOM TOWER, H 6, RD 2, BANASREE, RAMPURA""",Banasree
"""H 490, SHAHID BAKI SARAK, TALTOLA, KHILGAON""",Khilgaon
"""SECTOR 15 WELFARE SOCIETY OFFICE, UTTARA""",Uttara
"""CAFE 8 DAYS A WEEK, 2/6, BLOCK C, LALMATIA, DHAKA""",Lalmatia
"""MATBOR TOWER, 65 ZIGATOLA MAIN ROAD, DHAKA""",Jigatola
"""JIGATALA GOVT 6 TALA QUARTER, JIGATALA MAIN ROAD, JIGATALA""",Jigatola
"""RAMNA FOOT OVER BRIDGE, PLATFORM NO 1, OUTER CIRCULAR ROAD, MOGBAZAR""",Moghbazar
"""HOUSE 81B, ROAD 23, BLOCK A, BANANI, DHAKA""",Banani
"""73, ROAD 4, SECTION 12""",Mirpur
"""COMMUNITY CLUSTER JUI TASLIMA, ROFIKER GOLI, TONGI""",Not Classified
"""TENEMENT- 4, H 301/A, BASHUNDHARA RD, BLOCK E, BASHUNDHARA R/A""",Bashundhara
"""KALABAGAN WEST BUS STOP, KALABAGAN OVER BRIDGE, KALABAGAN""",Kalabagan
"""RD 9, SECTOR 10, UTTARA""",Uttara
"""RUPAYAN CITY UTTARA, NALBHOG""",Uttara
"""IUB, BLOCK, ROAD NO 8, BLOCK B, BASHUNDHARA R/A""",Bashundhara
"""KOSHAI BARI RAILGATE, KOSHAI BAZAR, DAKSHINKHAN""",Dakshinkhan
"""INTERNATIONAL MEDICAL COLLEGE HOSPITAL, MEDICAL COLLEGE RD, RUSTAMPUR 1711""",Not Classified
"""SULTANA RAZIA RD, CREATIVE COMMUNICATION LTD, GULSHAN 1""",Gulshan
"""ELECTRONIC PLAZA, TOPKHANA, FAKIRAPOOL, PALTAN""",Paltan
"""NUSRAT COSMETICS CORNER & STATIONERY, 1, ROAD 3, SECTION 2""",Mirpur
"""PHOENIX BUILDING, 407, TO TEJGAO FLYOVER, PASHCIM NAKHALPARA, NIKETAN""",Niketan
"""BANGLADESH TELEVISION (BTV), TV RD, EAST RAMPURA""",Rampura
"""RD 6, BLOCK E, BANASREE""",Banasree
"""H 136/A, RD 1, MOHAMMADI HOUSING SOCIETY, MOHAMMADPUR""",Mohammadpur
"""FUJI TOWER, BIR UTTAM RAFIQUL ISLAM AVE, MIDDLE BADDA""",Badda
"""H 25/1, NIMTOLI RD, MERUL BADDA""",Badda
"""MEHS CONSTRUCTION CHEMICALS LTD., LANE 5, MOHAKHALI DOHS, MOHAKHALI""",Mohakhali
"""HOUSE 296, ROAD 1, BLOCK F, BASHUNDHARA R/A""",Bashundhara
"""URBAN SOUTHERN HEIGHTS, RESIDENTIAL AREA, DHANMONDI""",Dhanmondi
"""BRAC UNIVERSITY (NEW CAMPUS), DIT RD, MERUL BADDA""",Badda
"""H KA 14/2, KALACHANPUR MAIN RD, KALACHANPUR""",Kalachandpur
"""KPMG RAHMAN RAHMAN HUQ, 9 & 5, BIR UTTAM A. K. KHANDAKAR ROAD, MOHAKHALI, GULSHAN""",Mohakhali
"""MIRPUR SHOPPING CENTER, MIRPUR ROAD, SECTION 6""",Mirpur
"""AWANA, 22, ROAD 104, GULSHAN 2""",Gulshan
"""MOSTAFA GARDEN, HOUSE 245, ROAD 6C, BLOCK B, BASHUNDHARA R/A""",Bashundhara
"""RADISSON BLU DHAKA WATER GARDEN, NEW AIRPORT RD, DHAKA CANTONMENT""",Dhaka Cantonment
"""NIRALA BHABAN, H 1, RD 2/A, NIKETON""",Niketon
"""H 299, RD 7/A, BLOCK E, BASHUNDHARA R/A""",Bashundhara
"""ROAD 08, MIRPUR DOHS, MIRPUR 12""",Mirpur
"""MOJIDA VILLA, 251/M, ROAD 13/A, DHANMONDI R/A""",Dhanmondi
"""AIRPORT ROAD, NEW AIRPORT ROAD, KURMITOLA, SECTOR 2""",Kurmitola
"""TELETALK CUSTOMER CARE CENTER, GULSHAN 1""",Gulshan
"""286, D BLOCK 9 NO ROAD, BLOCK D, BASHUNDHARA R/A""",Bashundhara
"""CMH BUS STOP, KURMITOLA ROAD, PURBA KAZIPARA""",Mirpur
"""JOMIDAR GOLI, WIRELESS, PALTAN""",Paltan
"""IKRAM APPAREL, HOUSE 45, ROAD 27, SECTOR 7, UTTARA""",Uttara
"""H 36, RD 20A, SECTOR 4, UTTARA""",Uttara
"""SILVER WAVE TOURS LTD, BLOCK E, BANANI""",Banani
"""KAMAL TEA STALL, VASHANTEK MIRPUR RD, VASHANTEK""",Vashantek
"""306, I BLOCK ROAD 1, BASHUNDHARA R/A""",Bashundhara
"""H 73, GREEN ROAD""",Dhanmondi
"""H 2/B, RD 138, GULSHAN 1""",Gulshan
"""JAMUNA BANK TOWER, PLOT NO 14, BLOCK NO CWS (C), A K KHONDKAR ROAD, GULSHAN 1""",Gulshan
"""SHANTA VIRTUE, SECTOR 4, UTTARA""",Uttara
"""TAKEOUT BANANI, KEMAL ATATURK AVENUE""",Banani
"""30, ROAD 15, MIRPUR DOHS, MIRPUR 12""",Mirpur
"""ASSORT NAMEER, 8/I, ROAD NO. 2, BLOCK D, BASHUNDHARA R/A""",Bashundhara
"""NORTH SOUTH UNIVERSITY, BASHUNDHARA R/A""",Bashundhara
"""RD 117, GULSHAN 1""",Gulshan
"""JAPAN GARDEN CITY, RING RD, MOHAMMADPUR""",Mohammadpur
"""LE MERIDIEN DHAKA, H 79/A COMMERCIAL AREA, NEW AIRPORT RD, KHILKHET""",Khilkhet
"""SUMI TOWER, ZOO ROAD, SECTION 1""",Mirpur
"""UNITED COMMERCIAL BANK (UCB), NAMAPARA ROAD, BOTTOLA, KHILKHET""",Khilkhet
"""REVOLUTION ON BIKES, RD 10, MIRPUR DOHS""",Mirpur
"""HAZARIBAGH PARK, HAZARIBAGH""",Hazaribagh
"""SARKAR MEDICAL HALL, 792/1, IBRAHIMPUR ROAD, NORTH KAFRUL, PURBA KAZIPARA""",Mirpur
"""EXCEL ACADEMY, 11, ROAD 7, DHANMONDI""",Dhanmondi
"""1425/A, SOUTH PIRER BAGH, MUKTI HOUSING, DOKKHIN PIRERBAGH""",Mirpur
"""MEET 2 EAT, NSU ROAD, BASHUNDHARA R/A""",Bashundhara
"""NAWABI VOJ, AQP SHOPPING MALL, NEW BAILY ROAD""",Bailey Road
"""83, ROAD 13A, BANANI""",Banani
"""LOGIN TECHNOLOGIES BD LTD, ROAD 7, GULSHAN 1""",Gulshan
"""UNITED COMMERCIAL BANK LIMITED ATM, SHYAMOLI, MOHAMMADPUR""",Shyamoli
"""INDIAN EXPRESS, 57 SHIDDHESWARI ROAD, RUPAYAN SAWPNO NILOY""",Siddheshwari
"""H 95, RD 13, BANANI""",Banani
"""RAFIQUL HAQUE & ASSOCIATES, MALIBAGH RAIL GATE""",Malibagh
"""RD 7, SECTOR 1, UTTARA""",Uttara
"""HOUSE 22, ROAD 9/B, SECTOR 5, UTTARA""",Uttara
"""3/10, LALMATIA BLOCK E, LALMATIA""",Lalmatia
"""BATA MIRPUR CITY, SECTION 6""",Mirpur
"""FARAZY PHYSIOTHERAPY & LASER UNIT, UTTARA, SECTOR 7""",Uttara
"""NARAIL AIR TRAVELS AND TOURS, SECTOR 15, UTTARA""",Uttara
"""H 70/2, NIJHUM RESIDENTIAL RD, NIJHUM R/A, HAZARIBAGH""",Hazaribagh
"""BAILEY ROAD OFFICERS COLONY, SAHID CAPTEN MUNSUR ALI AVENUE, WIRELESS, PALTAN""",Paltan
"""LIVING SHYAMOLIMA, HOUSE 33, ROAD 3, SHYAMOLI""",Shyamoli
"""PANTHA PATH, DHANMONDI""",Dhanmondi
"""KALLYANPUR BUS STAND, KALLYANPUR MAIN ROAD, MUKTI HOUSING""",Kallyanpur
"""DELTA HEALTH CARE MIRPUR LTD, SECTION 7""",Mirpur
"""10/12, SIR ALLAMA MUHAMMAD IQBAL ROAD, MOHAMMADPUR""",Mohammadpur
"""35, BLOCK D, SHER SHAH SURI ROAD, MOHAMMADPUR""",Mohammadpur
"""IEB TENNIS COURTS, MAOLANA BHASANI ROAD, FAKIRAPOOL, PALTAN""",Paltan
"""UNITED HOSPITAL, ROAD 71, GULSHAN 2""",Gulshan
"""CMH BUS STOP, KURMITOLA ROAD, UTTOR KAFRUL, PURBA KAZIPARA""",Mirpur
"""AMERICAN INTERNATIONAL UNIVERSITY BANGLADESH, 408/1 (OLD KA 66/1), KURATOLI ROAD, KURIL""",Kuril
"""MAYER DOA CHOTPOTI AND FUSKA, SECTOR 5, UTTARA""",Uttara
"""HORIZONTAL 2, ROAD 08, PRIYANKA CITY, UTTARA""",Uttara
"""SAYED NAZRUL ISLAM NATIONAL SWIMMING COMPLEX, MAIN RD, MIRPUR 10""",Mirpur
"""MERAJ NAGAR, DHAKA, BANGLADESH""",Not Classified
"""SOUTHERN GARMENTS LTD, ZIRABO TO BISHMAIL RD, RUSTAMPUR, ASHULIA 1342""",Not Classified
"""HOUSE 189, ROAD 6, BLOCK 6, BLOCK J, BASHUNDHARA R/A""",Bashundhara
"""RAYERBAG BUS STOP, DHAKA CHATTOGRAM HIGHWAY""",Rajarbagh
"""IQRA MODEL SCHOOL AND COLLEGE, ZIA SARANI ROAD, RAYEBAG""",Rayerbag
"""SONIR AKHRA""",Shanir Akhra
"""INTERNATIONAL MEDICAL COLLEGE HOSPITAL, MEDICAL COLLEGE RD, RUSTAMPUR""",Not Classified
"""LABAID CAFE, GREEN ROAD, DHANMONDI""",Dhanmondi
"""HAFIZUR TELECOM GRAMEEN PHONE EXPRESS, DHAKA TANGAIL HIGHWAY, MOUCHAK""",Mouchak
"""PROPERTY TYRE, H 38, LAKE CIRCUS, KALABAGAN""",Kalabagan
"""SQUARE HOSPITAL LTF, PANTHPATH""",Panthapath
"""EXIM BANK LIMITED, DANIA ROAD, NOYAPARA, SHANIR AKHRA""",Shanir Akhra
"""HOTEL DHAKA GOLDEN INN, BLOCK K, BANANI""",Banani
"""RD 7, SECTOR 1, UTTARA""",Uttara
"""GREEN LIFE MEDICAL COLLEGE & HOSPITAL PHARMACY, H 32, CRESCENT RD, KALABAGAN""",Kalabagan
"""POPULAR HOSPITAL, DHANMONDI ROAD 2, DHANMONDI R/A""",Dhanmondi
"""CHITROGOLPO, MIRPUR DOHS""",Mirpur
"""RAFIQUL HAQUE & ASSOCIATES, MALIBAGH RAIL GATE, MALIBAGH""",Malibagh
"""OH 95, RD 13, BANANI""",Banani
"""H 53, STAMFORD UNIVERSITY RD, SIDDHESHWARI""",Siddheshwari
"""INDIAN EXPRESS, 57 SIDDHESHWARI ROAD, RUPAYAN SAWPNO NILOY""",Siddheshwari
"""ATISH DEPANKAR ROAD, MODDHO BASHABO, SHHJAHANPUR""",Bashabo
"""BASIS, KAZI NAZRUL ISLAM AVE, KAWRAN BAZAR""",Kawran Bazar
"""HAZRAT SHAHJALAL INTERNATIONAL AIRPORT, TERMINAL 2, AIRPORT ROAD, NEW AIRPORT ROAD, KURMITOLA, SECTOR 2""",Kurmitola
"""NAWABI VOJ, AQP SHOPPING MALL, NEW BAILY ROAD""",Bailey Road
"""1425/A, SOUTH PIRER BAGH, MUKTI HOUSING, DOKKHIN PIRERBAGH""",Mirpur
"""AHSANIA MISSION CANCER & GENERAL HOSPITAL, DHAKA ASHULIA HIGHWAY, SECTOR 10, UTTARA""",Uttara
"""SARKAR MEDICAL HALL, 792/1, IBRAHIMPUR ROAD, UTTAR KAFRUL, PURBA KAZIPARA""",Mirpur
"""LAB AID SPECIALIZED HOSPITAL, HOUSE 6, ROAD 4, DHANMONDI""",Dhanmondi
"""UNITED COMMERCIAL BANK (UCB), NAMAPARA ROAD, BOTTOLA, KHILKHET""",Khilkhet
"""MUZAHID NAGAR RD, NEWTOWN R/A, JATRABARI""",Jatrabari
"""LE MERIDIEN, DHAKA, H 79/A COMMERCIAL AREA, NEW AIRPORT RD, KHILKHET""",Khilkhet
"""LUTHFA PLACE, H 27/CHA, EAST RAJABAZAR, FARMGATE""",Farmgate
"""RD 117, GULSHAN 1""",Gulshan
"""327, ROAD NO 14, BLOCK A, BASHUNDHARA R/A""",Bashundhara
"""GRAND DHAKA HOTEL, DHAKA MYMENSINGH HIGHWAY, SECTOR 9, UTTARA""",Uttara
"""ASSORT NAMEER, 8/I, ROAD NO 2, BLOCK D, BASHUNDHARA R/A""",Bashundhara
"""TAKEOUT BANANI, KEMAL ATATURK AVENUE""",Banani
"""ATTIN ARABIAN RESTAURANT, H 9, RD 22, BLOCK K, BANANI""",Banani
"""HAZRAT SHAHJALAL INTERNATIONAL AIRPORT, DHAKA MYMENSINGH HIGHWAY, HAZRAT SHAHJALAL INTERNATIONAL AIRPORT, KURMITOLA""",Kurmitola
"""MA GENERAL STORE, RESIDENTIAL AREA, DHANMONDI""",Dhanmondi
"""CALIFORNIA FRIED CHICKEN & PASTRY SHOP (CFC), SECTION 1, MIRPUR""",Mirpur
"""DHAKA MEDICAL COLLEGE HOSPITAL, SIR SAYED ROAD, FAKIRAPOOL, SIDDIKBAZAR""",Siddheshwari
"""HAUQUE SHAZEDA VILLA, 190/1, SHYAMOLI ROAD NO. 2, MUKTI HOUSING, UTTAR SHYAMOLI""",Shyamoli
"""PASCHIM AGRARGAON, ZAYAN TOURS & TRAVELS LTD, HOUSE 03, ROAD 17, BLOCK D, BANANI""",Banani
"""JAMUNA BANK TOWER, PLOT NO 14, BLOCK NO CWS (C), A K KHONDKAR ROAD, GULSHAN 1""",Gulshan
"""MUJAHID NAGAR ROAD, NEWTOWN R/A, JATRABARI""",Jatrabari
"""HAZRAT SHAHJALAL INTERNATIONAL AIRPORT, DHAKA MYMENSINGH HIGHWAY, HAZRAT SHAHJALAL INTERNATIONAL AIRPORT, KURMITOLA""",Kurmitola
"""BIG WEB TECHNOLOGIES LTD, GAZI GOLAM DASTAGIR RD, ARAMBAG""",Arambagh
"""WISTERIA, H 7/4, LALMATIA RD, BLOCK B, LALMATIA""",Lalmatia
"""HOTEL DHAKA GOLDEN INN, BLOCK K, BANANI""",Banani
"""KHAJA MONJIL, 2/10, ROAD NO 7, LALMATIA""",Lalmatia
"""H 30, RD 11, JANATA HOUSING, MOHAMMADPUR""",Mohammadpur
"""HOUSE 189, ROAD 6, BLOCK 6, BLOCK J, BASHUNDHARA R/A""",Bashundhara
"""RAYERBAG BUS STOP, DHAKA CHATTOGRAM HIGHWAY""",Rajarbagh
"""IQRA MODEL SCHOOL AND COLLEGE, ZIA SARANI ROAD, RAYEBAG""",Rayerbag
"""SONIR AKHRA""",Shanir Akhra
"""INTERNATIONAL MEDICAL COLLEGE HOSPITAL, MEDICAL COLLEGE RD, RUSTAMPUR""",Not Classified
"""LABAID CAFE, GREEN ROAD, DHANMONDI""",Dhanmondi
"""HAFIZUR TELECOM GRAMEEN PHONE EXPRESS, DHAKA TANGAIL HIGHWAY, MOUCHAK""",Mouchak
"""PROPERTY TYRE, H 38, LAKE CIRCUS, KALABAGAN""",Kalabagan
"""SQUARE HOSPITAL LTF, PANTHPATH""",Panthapath
"""EXIM BANK LIMITED, DANIA ROAD, NOYAPARA, SHANIR AKHRA""",Shanir Akhra
"""HOTEL DHAKA GOLDEN INN, BLOCK K, BANANI""",Banani
"""RD 7, SECTOR 1, UTTARA""",Uttara
"""GREEN LIFE MEDICAL COLLEGE & HOSPITAL PHARMACY, H 32, CRESCENT RD, KALABAGAN""",Kalabagan
"""POPULAR HOSPITAL, DHANMONDI ROAD 2, DHANMONDI R/A""",Dhanmondi
"""CHITROGOLPO, MIRPUR DOHS""",Mirpur
"""RAFIQUL HAQUE & ASSOCIATES, MALIBAGH RAIL GATE, MALIBAGH""",Malibagh
"""OH 95, RD 13, BANANI""",Banani
"""H 53, STAMFORD UNIVERSITY RD, SIDDHESHWARI""",Siddheshwari
"""INDIAN EXPRESS, 57 SIDDHESHWARI ROAD, RUPAYAN SAWPNO NILOY""",Siddheshwari
"""ATISH DEPANKAR ROAD, MODDHO BASHABO, SHHJAHANPUR""",Bashabo
"""BASIS, KAZI NAZRUL ISLAM AVE, KAWRAN BAZAR""",Kawran Bazar
"""HAZRAT SHAHJALAL INTERNATIONAL AIRPORT, TERMINAL 2, AIRPORT ROAD, NEW AIRPORT ROAD, KURMITOLA, SECTOR 2""",Kurmitola
"""NAWABI VOJ, AQP SHOPPING MALL, NEW BAILY ROAD""",Bailey Road
"""1425/A, SOUTH PIRER BAGH, MUKTI HOUSING, DOKKHIN PIRERBAGH""",Mirpur
"""AHSANIA MISSION CANCER & GENERAL HOSPITAL, DHAKA ASHULIA HIGHWAY, SECTOR 10, UTTARA""",Uttara
"""SARKAR MEDICAL HALL, 792/1, IBRAHIMPUR ROAD, UTTAR KAFRUL, PURBA KAZIPARA""",Mirpur
"""LAB AID SPECIALIZED HOSPITAL, HOUSE 6, ROAD 4, DHANMONDI""",Dhanmondi
"""UNITED COMMERCIAL BANK (UCB), NAMAPARA ROAD, BOTTOLA, KHILKHET""",Khilkhet
"""MUZAHID NAGAR RD, NEWTOWN R/A, JATRABARI""",Jatrabari
"""LE MERIDIEN, DHAKA, H 79/A COMMERCIAL AREA, NEW AIRPORT RD, KHILKHET""",Khilkhet
"""LUTHFA PLACE, H 27/CHA, EAST RAJABAZAR, FARMGATE""",Farmgate
"""RD 117, GULSHAN 1""",Gulshan
"""327, ROAD NO 14, BLOCK A, BASHUNDHARA R/A""",Bashundhara
"""GRAND DHAKA HOTEL, DHAKA MYMENSINGH HIGHWAY, SECTOR 9, UTTARA""",Uttara
"""ASSORT NAMEER, 8/I, ROAD NO 2, BLOCK D, BASHUNDHARA R/A""",Bashundhara
"""TAKEOUT BANANI, KEMAL ATATURK AVENUE""",Banani
"""ATTIN ARABIAN RESTAURANT, H 9, RD 22, BLOCK K, BANANI""",Banani
"""HAZRAT SHAHJALAL INTERNATIONAL AIRPORT, DHAKA MYMENSINGH HIGHWAY, HAZRAT SHAHJALAL INTERNATIONAL AIRPORT, KURMITOLA""",Kurmitola
"""MA GENERAL STORE, RESIDENTIAL AREA, DHANMONDI""",Dhanmondi
"""CALIFORNIA FRIED CHICKEN & PASTRY SHOP (CFC), SECTION 1, MIRPUR""",Mirpur
"""DHAKA MEDICAL COLLEGE HOSPITAL, SIR SAYED ROAD, FAKIRAPOOL, SIDDIKBAZAR""",Siddheshwari
"""HAUQUE SHAZEDA VILLA, 190/1, SHYAMOLI ROAD NO. 2, MUKTI HOUSING, UTTAR SHYAMOLI""",Shyamoli
"""PASCHIM AGRARGAON, ZAYAN TOURS & TRAVELS LTD, HOUSE 03, ROAD 17, BLOCK D, BANANI""",Banani
"""JAMUNA BANK TOWER, PLOT NO 14, BLOCK NO CWS (C), A K KHONDKAR ROAD, GULSHAN 1""",Gulshan
"""MUJAHID NAGAR ROAD, NEWTOWN R/A, JATRABARI""",Jatrabari
"""HAZRAT SHAHJALAL INTERNATIONAL AIRPORT, DHAKA MYMENSINGH HIGHWAY, HAZRAT SHAHJALAL INTERNATIONAL AIRPORT, KURMITOLA""",Kurmitola
"""BIG WEB TECHNOLOGIES LTD, GAZI GOLAM DASTAGIR RD, ARAMBAG""",Arambagh
"""WISTERIA, H 7/4, LALMATIA RD, BLOCK B, LALMATIA""",Lalmatia
"""HOTEL DHAKA GOLDEN INN, BLOCK K, BANANI""",Banani
"""KHAJA MONJIL, 2/10, ROAD NO 7, LALMATIA""",Lalmatia
"""H 30, RD 11, JANATA HOUSING, MOHAMMADPUR""",Mohammadpur
"""DUTCH BANGLA BANK LTD ATM, STATION RD, KAMALAPUR""",Kamalapur
"""NADDA PARA, BOISAKHE MOR, HAZI CAMP RD, NADDA PARA, DAKSHINKHAN""",Dakshinkhan
"""NEW BIKRAMPUR PHARMACY, H 19/1, RANKIN ST, WARI""",Wari
"""IBN SINA PHARMACY, H 48, RD 9A, DHANMONDI""",Dhanmondi
"""CITY BANK ATM, MARUF MARKET, MALIBAG""",Malibagh
"""MADARTEK ABDUL AZIZ HIGH SCHOOL, POSCHIM MADARTEK ROAD, PURBO NONDIPARA, SHHJAHANPUR""",Shahjahanpur
"""BISWA SAHITWA KENDRO, H 17, BISHWA SAHITTO KENDRO LN, PARIBAG""",Paribagh
"""RAMNA, SARKARI KARMACHARI HOSPITAL, PRIYA BHABAN 1, SECTION 2, HOUSE 42, ROAD 25, BLOCK A, BANANI""",Banani
"""ROYAL BUFFET, RESIDENTIAL AREA, DHANMONDI""",Dhanmondi
"""PROTTASHA BRIDGE, DHAKA ASHULIA HIGHWAY, BHATALIYA, UTTARA""",Uttara
"""H 48, NEW EASKATONRD, NEW EASKATON""",Eskaton
"""ABESH HOTEL BIRIYANI HOUSE, MIRPUR - 2""",Mirpur
"""H 41, RD 2, PC CULTURE HOUSING SOCIETY, MOHAMMADPUR""",Mohammadpur
"""NANDIPARA GARMENTS RD, NANDIPARA BASABO""",Basabo
"""ROAD TO BE NAMED, NANDAN SELIM, 8/F, ROAD NO. 2, BLOCK D, BASUNDHARA R/A""",Bashundhara
"""TEJGAON REGISTRATION COMPLEX JAAME MOSQUE, LOVE ROAD, EAST NAKHALPARA, NIKETON""",Niketan
"""SHANTA GARDEN, MOTIJHEEL IDEAL SCHOOL AND COLLEGE OFFICE, MAZAR RD, AGB COLONY, MOTIJHEEL""",Motijheel
"""HAWAI GOLI, MODDHO BASHABO, SHHAJAHANPUR""",Bashabo
"""MONSUR VABAN, HOUSE 125, PEER SHAHEBER GOLI, SHANTINAGAR""",Shantinagar
"""KAKRAIL, 373/4, MADHUBAGH ROAD, WIRELESS, MOGBAZAR""",Moghbazar
"""COAL POWER GENERATION COMPANY BANGLADESH LIMITED (CPGCBL) UNIQUE HEIGHTS (LEVEL 17), 117, KAZI NAZRUL ISLAM AVENUE, ESKA""",Not Classified
"""KHATUN E JANNAT JAME MASJID, HAZI PIAR ALI RD, RUSTAMPUR""",Not Classified
"""BEAUTY, 318, AL HAJ ABDUS SOBHAN ROAD, BLOCK B, BASUNDHARA R/A""",Bashundhara
"""THE TYRE & BATTERY BAZAR, H 60, KAZI NAZRUL ISLAM AVE, EAST TEJTURIPARA""",Tejturipara
"""ISLAMI BANK BANGLADESH LIMITED, BASABO MARKET ROAD, TEMPO STAND, MIDDLE BASABO""",Basabo
"""AIRPORT POLICE STATION, NEW AIRPORT ROAD, SHAT TARA GOLI, MOGBAZAR""",Moghbazar
"""TETUL PARA SHAHI JAME MASJID, NAMAPARA TETUL TOLA, SOHRAWARDY AVENUE, BARIDHARA, GULSHAN""",Gulshan
"""Z/A, BLOCK D, SALIMULLAH ROAD, MOHAMMADPUR""",Mohammadpur
"""DNCC DEDICATED COVID - 19 HOSPITAL, MOHAKHALI, DHAKA-1212""",Mohakhali
"""DAKKHINPARA, 87 NEW ESKATON ROAD, HOME TOWN COMPLEX, 9th FLOOR, DC BUILDING, MAOLANA BHASANI ROAD, FAKIRAPOOL, PALTAN""",Paltan
"""WALTON SERVICE CENTRE, DHAKA CHITTAGONG HIGHWAY, SIGN BOARD, SHIDDHIRGANJ, NARAYANGANJ""",Shiddhirganj
"""1361, 90/1 JOMIDAR GOLI, SHIDDESWARI, RAMNA""",Ramna
"""1000, ALHAZ MD NEWAZ ALI, H 882, RD 10, KHILGAON""",Khilgaon
"""HEALTHCARE BODY SPA, GULSHAN 1, GULSHAN""",Gulshan
"""HERITAGE SCHOOL, DHAKA NARAYANGANJ RD, CHASARA, NARAYANGANJ SADAR, NARAYANGANJ""",Narayanganj
"""1400, AD DIN HOSPITAL RD, MOGHBAZAR""",Moghbazar
"""HOUSE 51, ROAD 17, SECTOR 11, UTTARA, DHAKA (UTTARA POSHCHIM THANAR SAMNE)""",Uttara
"""ENTRY GATE FOR RD 5, H 8, 9, 13, RD 3, BLOCK J, HAZRAT SHAHJALAL INTERNATIONAL AIRPORT""",Kurmitola
"""DHAKA MYMENSINGH HIGHWAY, HAZRAT SHAHJALAL INTERNATIONAL AIRPORT, KURMITOLA""",Kurmitola
"""RAYER BAZAR, BHUIYAN EASTATE, OUTER STADIUM, MILK VITA RD, BLOCK G, MIRPUR 2""",Mirpur
"""17/, BLOCK C, TAJMAHAL ROAD, MOHAMMADPUR""",Mohammadpur
"""IBN SINA CONSULTATION & DIAGNOSTIC CENTER 58, ROAD 2A, DHANMONDI R/A""",Dhanmondi
"""NORTHERN UNIVERSITY(PERMANENT CAMPUS), JASHIM UDDIN MEMBER RD""",Dakshinkhan
"""AHIYAN CITY, DAKSHINKHAN""",Dakshinkhan
"""SHAMSUR MADRASA CIRCLE, H 29, RD 6, SOUTH BANASREE PROJECT""",Banasree
"""RADIANT, RAMPURA BANASHREE RD, BLOCK E, BANASHREE""",Banasree
"""SHADHINATA TOWER, H 1667, BIR UTTAM ZIAUR RAHMAN RD, SHAHEENBAG""",Shaheenbag
"""LA-BAY SERVICES, BOSILA, MOHAMMADPUR""",Mohammadpur
"""4/7 BLOCK A, LALMATIA""",Lalmatia
"""@42, ROAD 1, NIKETON BLOCK A, NIKETON HOUSING SOCIETY, GULSHAN""",Gulshan
"""SNACKBAR EXPRESS, FOOD ZONE, NAYA PALTAN""",Naya Paltan
"""JAMUNA FUTURE PARK, PROGATI SARANI, BASHUNDHARA R/A""",Bashundhara
"""DUTCH BANGLA BANK, ROAD 2, NIKUNJA 2, RESIDENTIAL""",Nikunja
"""H 11/A, 1, RD 41, GULSHAN 2, BADDA""",Gulshan
"""AAA ENGINEERS, SECTOR 11, UTTARA""",Uttara
"""9/1, ROAD NO 7, LALMATIA""",Lalmatia
"""H 479, RD 16, BLOCK F, BASUNDHARA R/A""",Bashundhara
"""NAMAPARA, BASHUNDHARA R/A""",Bashundhara
"""POLICE BOX, MANIK MIA AVE, DHANMONDI""",Dhanmondi
"""JAHAN, H 21/1, JIGATALA MAIN RD, JIGATALA""",Jigatola
"""FUTURE TECHNOLOGY, KEMAL ATATURK AVENUE, BANANI""",Banani
"""AIRPORT ROAD, NEW AIRPORT ROAD, KURMITOLA, SECTOR 2""",Kurmitola
"""AZMIRI HOTEL AND RESTAURANT, H 444, ASHKONA RD, DAKSHINKHAN""",Dakshinkhan
"""WHITE SMILE DENTISTRY, ROAD 130, GULSHAN 1, GULSHAN""",Gulshan
"""WASA, DARUSSALAM, MIRPUR""",Mirpur
"""MK ELECTRONICS, H 4/1, MIRPUR RD, LALMATIA""",Lalmatia
"""SPRING DALE, BANASHREE, BLOCK D""",Banasree
"""DAY DREAMERS HQ, SECTOR 17, UTTARA""",Uttara
"""ULAB, H 56, RD 4A, DHANMONDI""",Dhanmondi
"""ABINTA KABIR FOUNDATION SCHOOL, MADANI AVENUE, BASUNDHARA R/A""",Bashundhara
"""SARA SIMRAN, H 17, 18, RD 5, KADERABAD HOUSING, MOHAMMADPUR""",Mohammadpur
"""SALBON FILLING STATION, DHAKA MYMENSINGH HIGHWAY, 1702""",Not Classified
"""HOUSE 52, ROAD 10, SECTOR 6, UTTARA""",Uttara
"""CHILIS, H 40, MOHAMMADPUR RING RD, JANATA HOUSING""",Mohammadpur
"""SECTOR 4, UTTARA""",Uttara
"""ALBRATOSS EDUCATION, SECTOR 7, UTTARA""",Uttara
"""CRYSTAL PALACE, RD 140, GULSHAN 1""",Gulshan
"""POLWEL CARANATION SHOPPING CENTRE, SECTOR 8, UTTARA""",Uttara
"""BAF PARKING, BIR UTTAM ZIAUR RAHMAN RD, SHAHEENBAG""",Shaheenbag
"""GERMAN CLUB, GULSHAN 2, GULSHAN""",Gulshan
"""BANGLADESH EYE HOSPITAL, SAT MASJID RD, DHANMONDI""",Dhanmondi
"""SONALI BANK LTD ATM, MIRPUR RD, LALMATIA""",Lalmatia
"""ACCESS TO INFORMATION OFFICE, PRIME MINISTER'S OFFICE RD, TEJGAON""",Tejgaon
"""DER FOOD ISLAND, 3/8, NORTH PEERBUG, MUKTI HOUSING, DOKKHIN MONIPUR""",Mirpur
"""EMERGENCY DEPARTMENT (NIRTOT), SAYED MAHBUB MORSHED ROAD, SHER-E-BANGLA-NAGAR""",Sher-e-Bangla Nagar
"""BAY'S LAKEWOOD, RUAP, SECTOR 18, UTTARA""",Uttara
"""H 33/6, TAJMAHAL RD, MOHAMMADPUR""",Mohammadpur
"""KHAMAR BARI, KHAMARBARI RD, FARMGATE""",Farmgate
"""THAI CHI RESTAURANT AND CAFE, H 117/A, BIJOY SARANI TEJGAON LINK RD, TEJKUNIPARA""",Tejkunipara
"""MUTUAL TRUST BANK LIMITED, ROAD 34, GULSHAN AVE, GULSHAN 2""",Gulshan
"""MOTALIB PLAZA, HATIRPOOL CIRCLE""",Hatirpool
"""AFROZA BEGUM ROAD, BASUNDHARA R/A""",Bashundhara
"""92, ROAD 2 NIKETON, BLOCK A, NIKETON HOUSING SOCIETY, GULSHAN""",Gulshan
"""BORAK ZAHIR TOWER, KAZI NAZRUL ISLAM AVE, PANTHAPATH""",Panthapath
"""MAJHAR MISTANNO BHANDAR, H 77, NORTH SOUTH RD, ALU BAZAR, BANGLADESH""",Not Classified
"""172, AHAMMED NAGAR, PAIK PARA, SENPARA PARBATA""",Not Classified
"""AHMED NAGAR, DARUSSALAM TOWER, 59/DA, MIRPUR ROAD, ABDUL RAFIQ HOUSING, GABTALI""",Mirpur
"""MASDAIR GOROSTHAN BUS STOP, DHAKA NARAYANGANJ RD, MASDAIR, FATULLAH, NARAYANGANJ""",Not Classified
"""1400, HOUSE 10, ROAD 4, SECTOR 3, UTTARA""",Uttara
"""RD 27, KOTABARI BAZAR, SECTOR 7""",Uttara
"""AIRPORT MASJID, NEW AIRPORT RD""",Kurmitola
"""UTTARA BANK LTD, NAYA PALTAN RD, NAYA PALTAN""",Naya Paltan
"""AZAMPUR BUS STOP, SECTOR 6, UTTARA""",Uttara
"""H 18, RD 12, SECTOR 5, UTTARA""",Uttara
"""MERAJ NAGAR, DHAKA, BANGLADESH""",Not Classified
"""DUTCH BANGLA BANK LTD ATM, H 81, SAYEM SOBHAN TANVIR RD, BLOCK E, BASUNDHARA R/A""",Bashundhara
"""BIKRAMPUR MISTANNO VANDER & BAKERY, 22, 60 FEET, SENPARA PARBATA, BOORBAGH""",Mirpur
"""SHOURAV ELECTRONICS, IDEAL POINT R/A RD, IDEAL POINT R/A, MOGBAZAR""",Moghbazar
"""CITY BANK AMERICAL LOUNGE, NEW AIRPORT RD""",Kurmitola
"""RAYMOND CUSTOM BESPOKE, GULSHAN 2, GULSHAN""",Gulshan
"""CONFIDENCE TOWER, H 5/KHA, SAT MASJID RD, BLOCK F, MOHAMMADPUR""",Mohammadpur
"""JONOSHEBA MEDICAL HALL, 24/A, ROAD NUMBER 6, PISCICULTURE HOUSING SOCIETY, ABDUL RAFIQ HOUSING, ADABOR""",Adabor
"""KURIL GAUSIA BRTC TICKET COUNTER, KAMPAI DHAKA, ROAD 35, GULSHAN 2, GULSHAN""",Gulshan
"""BARI MANZIL, H 30, RD 100, GULSHAN 2""",Gulshan
"""POLWEL CARNATION SHOPPING CENTRE, SECTOR 8, UTTARA""",Uttara
"""EAGLES DANCE COMPANY, ROAF 03, BLOCK -B, NIKETON""",Niketan
"""BASIC COMFORT, ROAD 03, SECTOR 10, UTTARA""",Uttara
"""NAVANA REAL ESTATE LTD, GULSHAN 2, GULSHAN""",Gulshan
"""SHAHI MITHAI, H 27, NAZIMUDDIN RD, BEGUM BAZAR, CHAWKBAZAR""",Chawkbazar
"""RD 10, BLOCK I, BASHUNDHARA R/A""",Bashundhara
"""MUTUAL TRUST BANK, AIRPORT ROAD, NEW AIRPORT ROAD, KURMITOLA, SECTOR 2""",Kurmitola
"""THE H HOTEL, GULSHAN 2, GULSHAN""",Gulshan
"""H KHA 85/2, JAMTOLA RD, KURMITOLA""",Kurmitola
"""ROAD 1, BLOCK D, BASHUNDHARA R/A""",Bashundhara
"""5, BEGUM ROKEYA SHARANI, SECTION 11""",Mohammadpur
"""STANDARD BANK LTD, SONARGAON JANAPATH, SECTOR 13, UTTARA""",Uttara
"""CAMERICH, KAMAL ATATURK AVENUE, GULSHAN 2""",Gulshan
"""THE EAST INDIAN EATERY, RESIDENTIAL AREA, DHANMONDI""",Dhanmondi
"""H, I POWER REFRIGARETION SECTOR 11, UTTARA""",Uttara
"""ARMY GOLF CLUB ENTRANCE, NIKUNJA 1, BARIDHARA""",Baridhara
"""NOBORATRI HALL 4, KHILKHET NAMAPARA RD, UTTAR PARA, KHILKHET""",Khilkhet
"""DNCC WASTE TRANSFER STATION, PRAGOTI SARANI, KHILKHET""",Khilkhet
"""ABDULLAHPUR BERIBADH CIRCLE, IC MEDICAL RD, UTTARA""",Uttara
"""15, MITFORD ROAD, ISLAMPUR, KERANIGANK SUBDISTRICT, VAGOLPUR, HAZARIBAG""",Hazaribagh
"""HAQUE LIBRARY, JHONSON RD, SADARGHAT""",Sadarghat
"""MAYAKANON RD, AHMED BAG, SABUJBAG""",Sabujbag
"""RANIR BHUBON, 376/A, ROAD 10, BLOCK C""",Not Classified
"""HOUSED 33, ROAD 1, SECTOR 11, UTTARA""",Uttara
"""INDULGE, GULSHAN 2, GULSHAN""",Gulshan
"""H 405, AFTAB UDDIN AHMED RD, BLOCK B, BASHUNDHARA R/A""",Bashundhara
"""38, EXTENDED PALLABI, MIRPUR""",Mirpur
"""VENTURA ENCARNA, BLOCK I, BANANI""",Banani
"""ARHAM PHARMACY, KA / 92/ A, NURANI MASJID RD, JOAR SHAHARA""",Joar Shahara
"""NORTH CHASHARA, CHASARA, NARAYANGANJ SADAR, NARAYANGANJ""",Not Classified
"""1400, MOYNUL FASHION TAILORS, SECTOR 13, UTTARA""",Uttara
"""87/1, MASTER PARA ROAD, SENPARA PARBATA, BOROBAGH""",Mirpur
"""H 380/12, KUNJABAN RD, EAST RAMPURA""",Rampura
"""KORIM TOWER, 3, DHAKESWARI ROAD, NOORBAGH, SIDDIKBAZAR""",Siddikbazar
"""TUSUKA IDENTITIES, BLOCK F, BANANI""",Banani
"""SANKAR KAZI OFFICE, WEST, DHANMONDI""",Dhanmondi
"""JBS BORHAN PALACE, ROADS 14, BLOCK A, BASHUNDHARA R/A""",Bashundhara
"""AT AND DRINK, HOUSE HA/98, GULSHAN BADDA LINK ROAD, MIDDLE BADDA, BADDA""",Gulshan
"""ACADEMIC BUILDING (STAMFORD), SIDDHESWARI ROAD, WIRELESS, PALTAN""",Paltan
"""TWENTY TWENTY RESTAURANT AND PARTY CENTER, EASTERN VILLA, H 6, SEGUNBAGICHA RD, SEGUNBAGICHA""",Segunbagicha
"""FULBARIA SUPER MARKET, GULISTAN""",Gulistan
"""PUTLIR BARI, PLOT 198, RD 6, BLOCK B, BASUNDHARA R/A""",Bashundhara
"""FANTASIA FOOD, H 960, SHAHD BAKI SARAK, TALTOLA, KHILGAON""",Khilgaon
"""WWW.HUMAYRA.COM.BD, BLOCK E, BANASREE""",Banasree
"""12, ROAD 23/A, BANANI""",Banani
"""HASNABAD BAKERY, DHAKA MAWA HIGHWAY""",Not Classified
"""SHAHIN CARPET, 73, NEW ELEPHANT ROAD, DHANMONDI""",Dhanmondi
"""APARIJITA, ESKATON GARDEN ROAD, WIRELESS, PALTAN""",Paltan
"""HAIR SALON, SECTOR 12, UTTARA""",Uttara
"""OCEAN MASSAGE SPA, GULSHAN 2, GULSHAN""",Gulshan
"""LALBAGH TOWER, AZIMPUR ROAD, BOTTOLA, HAZARIBAGH""",Hazaribagh
"""PRIME SWEATER, DHAKA CITY BYPASS, 1711""",Not Classified
"""H 327, RD 3, BLOCK F, BASHUNDHARA R/A""",Bashundhara
"""HOUSE 15, ROAD 19, SECTOR 14, UTTARA""",Uttara
"""INTRACO CNG STATION, RD 9, BLOCK A, MIRPUR 12""",Mirpur
"""RD 1/A, NOBODY HOUSING SOCIETY, MOHAMMADPUR""",Mohammadpur
"""EMMABELLERINA, 74, ROAD 17, BANANI""",Banani
"""JANI VILLA, H 94, RD 23, BANANI""",Banani
"""ROUSHON ARA VILLA, HOUSE 403, NSU DRIVEWAY, BLOCK B, BASUNDHARA R/A""",Bashundhara
"""DOREEN TOWER, H 6A, KAMAL ATATURK AVE, GULSHAN 2""",Gulshan
"""FOOD BOX, RD 6, BLOCK B, MIRPUR 12""",Mirpur
"""HABIB BANK LTD, H 67, DILKUSHA RD, DILKUSHA""",Dilkusha
"""KINDRED FOOD GARDEN BANANI, BLOCK C, RD 1, SECTOR 1, UTTARA""",Uttara
"""RD 11, SOUTH BANASREE PROJECT, RAMPURA""",Banasree
"""KACCHI BHAI, RING ROAD, MOHAMMADPUR""",Mohammadpur
"""BCS COMPUTER CITY, BEGUM ROKEYA SHARANI, AGARGAON, DHAKA""",Agargaon
"""GRAMEENPHONE HEAD OFFICE, ALHAZ ABDUS SOBHAN RD, BLOCK B, KURIL""",Kuril
"""HOUSE 16, ROAD 3, SECTOR 5, UTTARA""",Uttara
"""HK- DENT DENTAL CARE AND IMPLANT CENTER, ROAD 10 /A, SECTOR 11, UTTARA""",Uttara
"""RD 8, BLOCK B, ARAMBAG R/A, RUPNAGAR, PALLABI""",Mirpur
"""397/1, SOUTH PAIKPARA, MUKTI HOUSING, DOKKHIN PAIKPARA""",Mirpur
"""AKIJ SERVICE CENTRE, WIRELESS NIKETON, FREE SCHOOL STREET MOSJID O MADRASA PUKURPAR, FREE SCHOOL STREET, DHANMONDI""",Dhanmondi
"""SHIKDER VILLA, 824/2, KRISHIBID ROAD, SENPARA PARBATA, PURBA KAZIPARA""",Mirpur
"""SCIC SCHOOL, ZOO RD (CIRIAGANA RD), MIRPUR 2""",Mirpur
"""SHOILPIC, 403/C, I BLOCK ROAD 4, BASHUNDHARA R/A""",Bashundhara
"""JAKARIA PHARMACY, H 39/1, SHER E BANGLA RD, TALI OFFICE, WEST DHANMONDI""",Dhanmondi
"""HAZRAT SHAHJALAL INTERNATIONAL AIRPORT, TERMINAL 1, AIRPORT ROAD, NEW AIRPORT ROAD, KURMITOLA, SECTOR 2""",Kurmitola
"""DOMINOS PIZZA, RESIDENTIAL AREA, DHANMONDI""",Dhanmondi
"""STAR KABAB & RESTAURANT, BLOCK C, BANANI""",Banani
"""H 2, FELANI RD, GULSHAN 1""",Gulshan
"""IMPERIAL HEAVEN, CHHA 56/B, BADDA GIRLS SCHOOL ROAD, DAKKHIN BADDA, GULSHAN""",Gulshan
"""70/1, EASTERN GARDEN, GARMENTS GOLI, WEST RAZABAJAR, INDIRA ROAD, KHAMARBARI MOR, FARMGATE, DHAKA""",Farmgate
"""PRAPTI CITY, PAGLA LINK RD, PAGLA, NARAYANGANJ""",Narayanganj
"""NAKSHI PALACE, H 2/KA/14, HABIBULLAH RD, SHAHBAG""",Shahbag
"""SHAHANA MANSION, H 27, RD 1, BLOCK A, BANASREE""",Banasree
"""KINGS KABAB AND RESTAURANT, RD 3, NIKETON""",Niketon
"""COFFEE AVENUE, ZAFRABAD, MOHAMMADPUR""",Mohammadpur
"""BASHER POOL DOGAIR BAZAR, UNIVIEW BANGLADESH, BLOCK G, BANANI""",Banani
"""AHMED LODGE, 13, SALIM UDDIN MARKET ROAD, SENPARA PARBATA, AHMED NAGAR""",Mirpur
"""BURGWICH TOWN, MIRPUR 1""",Mirpur
"""ZOO ROAD, MIRPUR 1""",Mirpur
"""PONGKHUMIYA JAME MASJID, RANI MOHOL BORO VANGA RD, DUSTBIN, ZAHIR RAIHAN SHARANI RD, NOORBAGH, SIDDIKBAZAR""",Siddikbazar
"""71, MIDDLE PAIKPARA MUKTI HOUSING, MODDHO PAIKPARA""",Mirpur
"""HOUSE 83/5, OMAR ALI LANE, WEST RAMPURA, PAMPURA""",Rampura
"""URBAN PANORAMA, RESIDENTIAL AREA, DHANMONDI""",Dhanmondi
"""LAKE LODGE, SECTOR 10, UTTARA""",Uttara
"""A 1, ROAD 2, MOHANAGAR HOUSING PROJECT, NIKETON""",Niketon
"""H 25, RD 11, SECTOR 13, UTTARA""",Uttara
"""SUBWAY ZONE, SECTOR 13, UTTARA""",Uttara
"""WHITE FACE WASH MEN'S GROOMING SALOON, JIGATOLA, DHANMONDI""",Dhanmondi
"""NSU ADMIN BUILDING, NSU DRIVEWAY, BLOCK B, BASUNDHARA R/A""",Bashundhara
"""BAITUL FALA JAME MASJID, RD 4, BLOCK E, BANASREE""",Banasree
"""DHAKA POWER DISTRIBUTION COMPANY LTD, SHAHID BAKI SARAK, TALTOLA, KHILGAON""",Khilgaon
"""BANGLADESH AGRICULTURE RESEARCH COUNCIL (BARC), OLD AIRPORT RD, MONIPURI PARA""",Not Classified
"""NURERCHALA TAHASIL OFFICE, NURERCHALA RD, NOTUN BAZAR, BADDA""",Badda
"""AARRANA, 64/B, ROAD 15/A, DHANMONDI R/A""",Dhanmondi
"""H 3 Q, RD 7, BLOCK G, BASUNDHARA R/A""",Bashundhara
"""SHAMSUDDIN TOWELS LIMITED, KEMAL ATATURK AVENUE, BANANI""",Banani
"""DREAM STAR, H 21, SHADHINOTA SARANI, NORTH BADDA""",Badda
"""AHMED LODGE, 13, SALIM UDDIN MARKET ROAD, SENPARA PARBATA, AHMED NAGAR""",Mirpur
"""PIZAA INN, RD 8, BANANI""",Banani
"""FRIENDS FASHION, SHIMULTOLY RD, 1702, M F VILLAGE, TA 160/3/D, BADDA HIGH SCHOOL ROAD, DAKKHIN BADDA, GULSHAN""",Gulshan
"""SHANTA ASSET MANAGEMENT LIMITED, GULSHAN 1, GULSHAN""",Gulshan
"""BOITHOK, BLOCK F, BANANI""",Banani
"""WEST TOLLABAGH ROAD, MANESHWAR, HAZARIBAGH""",Hazaribagh
"""BIDDUT BHABAN, H 1, ABDUL GANI RD, PURANA PALTAN""",Purana Paltan
"""H 9, RD 28, BANANI""",Banani
"""ROAD 17, BASHUNDHARA R/A""",Bashundhara
"""SQUARE HOSPITAL LTD, PANMTHAPATH, MAOLANA BHASANI ROAD, FAKIRAPOOL, PALTAN""",Paltan
"""SHARIF HEIGHTS, BLOCK G, BANASREE""",Banasree
"""TOLERBAG JAME MASJID, HOUSE 16, ROAD 07, SECTOR 13, UTTARA""",Uttara
"""CITY ALO (BANKING FOR WOMEN), 18, GULSHAN AVENUE, GULSHAN 1, GULSHAN""",Gulshan
"""H 345, DILU RD, NEW ESKATON""",Eskaton
"""SIKA BANGLADESH LIMITED, SKYLARK MARK, ROAD 11, BLOCK D, BANANI""",Banani
"""PINEWOOD CAFE + KITCHEN, BLOCK E, BANANI""",Banani
"""39/A, ROAD NO 1BLOCK A, BASUNDHARA R/A""",Bashundhara
"""MAC-NEILS LOUNGE BLOCK H, BANANI""",Banani
"""CENTRAL HOSPITAL, H 19, NORTH CIRCULAR RD, DHANMONDI""",Dhanmondi
"""SHAHIDULLAH HALL CAFETERIA, OLD SECRETARIAT ROAD, FAKIRAPOOL, SIDDIKBAZAR""",Siddikbazar
"""DUTCH BANGLA BANK LTD, RD 7, BLOCK E, MIRPUR 1""",Mirpur
"""RAMNA CENTURY AVE, SIDDHESWARI""",Siddheswari
"""SUTRAPUR THANA, WALTAN RD, SUTRAPUR""",Sutrapur
"""NUNDICA RESTAURANT, HAZRAT SHAH ALI MAZAR, MIRPUR - 1""",Mirpur
"""RHYME SPINNING MILLS LTD, SECTOR 6, UTTARA""",Uttara
"""HOUSE 61, ROAD 12, SECTOR 10, UTTARA""",Uttara
"""MAXS SHOPPERS, SECTOR 3, UTTARA""",Uttara
"""TRUST BANK LIMITED ATM, ARMY STADIUM, BANANI""",Banani
"""BAKHARKHANIR DOKAN, ABDULLAHPUR, ATIPARA RD, SECTOR 8, UTTARA""",Uttara
"""FARITS HOME MADE, BAITUL AMAN HOUSING SOCIETY, ADABOR""",Adabor
"""PMTC BANGLADESH LIMITED, ROAD 34, GULSHAN AVE, GULSHAN 1""",Gulshan
"""K R VILLA, HOUSE 305, ROAD 305, ROAD NO 12, BLOCK C, BASUNDHARA R/A""",Bashundhara
"""INTERLINK TECHNOLOGY, NEW CITY MULTIPURPOSE CO OPERATIVE SOCIETY LTD, H 673, RD 12A, ADABOR""",Adabor
"""CENTRAL HOSPITAL, H 19, NORTH CIRCULAR RD, DHANMONDI""",Dhanmondi
"""ABDULLAHPUR BUS STOP, UTTARA""",Uttara
"""TRUST BANK LIMITED ATM, ARMY STADIUM, BANANI""",Banani
"""907, OUTER CIRCULAR ROAD, SHANTIBAGH, MALIBAGH""",Malibagh
"""IUB FASHION, ROAD NO 12, BLOCK C, BASUNDHARA R/A""",Bashundhara
"""KAJLA CENTRAL JAME MASJID, DHAKA DEMRA HIGHWAY, SHEIKHDI, JATRABARI""",Jatrabari
"""GRAPHICS DESIGN EXPERTS, SHYAMOLI, MOHAMMADPUR""",Shyamoli
"""WELKIN OVERRUN, HOUSE 13, ROAD 3F, SECTOR 9, UTTARA""",Uttara
"""MAHMUDA PALACE, 101, D BLOCK 6 NO ROAD, BLOCK D, BASUNDHARA R/A""",Bashundhara
"""AFGHAN GRILL, ROAD 11, BLOCK H, BANANI""",Banani
"""PRIYO PRANGON, RD 83, GULSHAN 2, DHANMONDI FOOT OVER BRIDGE""",Gulshan
"""AMARELO, H 77/B, RD 3, BANANI""",Banani
"""NISHUS FOOD, 80 NORTH BASABO, SHOBUJBAG""",Sabujbag
"""HARUN EYE FOUNDATION HOSPITAL, ROAD 6, DHANMONDI""",Dhanmondi
"""ALOKI, TEJGAON LINK ROAD, NIKETON, GULSHAN""",Gulshan
"""CITY INTERNATIONAL SCHOOL AND COLLEGE, CITY SCHOOL GOLI, KAMRANGICHOR, BHUIYA ESTATE""",Not Classified
"""CHILIS PALLABI, MIRPUR 12""",Mirpur
"""ATELIER STUDIO, SECTOR 13, UTTARA""",Uttara
"""RANIMOHOL BOKVANGA ROAD, MAHMUDNAGAR, GREEN MODEL TOWN""",Not Classified
"""PLOT 281 281/B, SAYEM SOBHAN ANVIR ROAD, BLOCK C, BASUNDHARA R/A""",Bashundhara
"""CWN (A), PLOT 1, GULSHAN""",Gulshan
"""ARTISTIC DENTAL AID, ROAD 2, BLOCK B, NIKETON, GULSHAN""",Gulshan
"""EASTERN BANK LTD ATM, MOTIJHEEL RD, MOTIJHEEL""",Motijheel
"""CHAAD RIDE, MOUCHAK MARKET, MALIBAGH""",Malibagh
"""HOUSE - 47, ROAD -11, SECTOR-13, UTTARA""",Uttara
"""BOUDDHO MONDIR BUS STOPPAGE, AUTISH DIPANKAR ROAD, MODDHO BASHABO""",Moddho Bashabo
"""KOMLAPUR, IMARAT MOTOR CYCLE ENGINE OIL, DIT RD, MALIBAGH RAIL GATE""",Malibagh
"""RASUL NAGAR, DHAKA, BANGLADESH""",Not Classified
"""PROJONMO BUS STOP, JAGANNATH UNIVERSITY, ATISH DEPANKAR ROAD, MODDHO BASABO""",Moddho Bashabo
"""SHHJAHANPUR, SONAR BANGLA MEDIA, NURECHALA RD, NURER CHALA""",Not Classified
"""DHAKA DEMRA HIGHWAY, SHONIR AKHRA""",Demra
"""TRIMOHONI POSCHIMPARA ALHE HADITH JAME MASJID, BANASHREE DEMRA RD, KHILGAON""",Khilgaon
"""125/KHA, FRIENDS ROAD, MUKTI HOUSING, DOKKHIN PIRERBAGH""",Mirpur
"""NOOR VILLA, 31 32, SECTION 6, BANK ALFALAH LIMITED MIRPUR""",Mirpur
"""HOUSE 1, KALSI ROAD, BLOCK D, SECTION 11, MIRPUR DHAKA 1216""",Mirpur
"""PATHAO HQ, H CWN 3A, RD 49, GULSHAN 2""",Gulshan
"""MIRPUR 11 METRO RAIL STATION, DHAKA""",Mirpur
"""YASMEENS, HOUSE 227, ROAD 6C, BLOCK B, BASUNDHARA R/A""",Bashundhara
"""LUCKY STAR, BLOCK F, BANANI""",Banani
"""DUTCH BANGLA BANK ATM, AIRPORT ROAD, NEW AIRPORT ROAD, KURMITOLA, SECTOR 2""",Kurmitola
"""MAA HOMEO PHARMACY, H 11/1, BLOCK D, RD 25, BLOCK TA, MIRPUR 12""",Mirpur
"""FATEMAS FASHION, GREEN ROAD, DHANMONDI""",Dhanmondi
"""PURBACHALGAS FILLING STATION, DARUS SALAM ROAD, DARUS SALAM""",Darus Salam
"""NAVANA SOMERSET, 14/4, 45, CHAMILIBAGH, DOKKHIN SHAJAHANPUR, PALTAN""",Shahjahanpur
"""AHNAF SANITORY, 193/1, 132/22, GREEN ROAD, DHANMONDI""",Dhanmondi
"""5, KACHABAZAR ROAD, SECTION 10""",Not Classified
"""BANK ASIA ATM, SHABAG RD, SHAHBAG""",Shahbag
"""NEW ROSHMELA SWEETS AND BAKERY, VATARA RD, NATUN BAZAR""",Vatara
"""KHABAR BILASH, BLOCK B, SECTION 12, PALLABI (KALSHI MAIN ROAD), MIRPUR""",Pallabi
"""THE JUTE 7, ROAD 8, KURMITOLA, SECTOR 3""",Kurmitola
"""TABAQ GRAMEENPHONE OFFICE, BASHUNDHARA RD, BASHUNDHARA""",Bashundhara
"""INDIRA RD, EAST RAJABAZAR, TEJGAON""",Tejgaon
"""ANJUMAN MUFIDUL ISLAM RD, NAYA PALTAN""",Naya Paltan
"""227, ROAD 12, SECTION 12""",Not Classified
"""1/11, SIR ALLAMA MUHAMMAD IQBAL ROAD, MOHAMMADPUR""",Mohammadpur
"""KHILKHET BAZAR, KHILKHET BAZAR RD, KHILKHET""",Khilkhet
"""RD 12/A, DHANMONDI LAKE PARK, DHANMONDI""",Dhanmondi
"""BASHIR RAZIA VILLA, H 74, RD 18, BANANI""",Banani
"""UTTARA BANK BRANCH 26, BEGUM ROKEYA SHARANI, SECTION 11""",Not Classified
"""SAC, NSU RD, BLOCK B, BASHUNDHARA R/A""",Bashundhara
"""HASHIM TOWER, ZAKIR PHARMACY, TARATEK, UTTARA""",Uttara
"""FAMILY HOUSE 2, 2/KA, NORTH PERERBUG, MUKTI HOUSING, DOKKHIN MONIPUR""",Mukti Housing
"""WOODEN SPOON, NSU ROAD 1ST GATE, BASUNDHARA R/A""",Bashundhara
"""NEVIN GENERAL STORE, H 173, RD 1, MIDDLE BADDA""",Middle Badda
"""PIZZA WALY, LAKE DRIVE ROAD, MIDDLE BADDA""",Middle Badda
"""AARONG, TEJGAON GULSHAN LINK ROAD, GULSHAN 1, GULSHAN""",Gulshan
"""MIRPUR DOHS HOUSE 710 ROAD 10 AVENUED 3 FLAT 4 A, RANGS NIKETON, ROAD 9, BLOCK C, NIKETON, GULSHAN, DHAKA""",Gulshan
"""NATIONAL HEART FOUNDATION HOSPITAL, TOLARBAG, MIRPUR 1""",Mirpur
"""RDE 6, BLOCK B, BANASREE, H 48, INDIRA ROAD FARMNGATE""",Bashundhara
"""ROAD 10 BLOCK D HOUSE 328 BASUNDHARA""",Bashundhara
"""HOUSE 83/5, OMAR ALI LANE, WEST RAMPURA""",Rampura
"""TASTY TREAT PANTHAPATH, 44/9, WEST PANTHAPATH""",Panthapath
"""BHUIYA LODGE, 8, ROAD 3, SECTION 2""",Not Classified
"""CLOTHERO, NOSOR UDDIN RD, MATIKATA""",Not Classified
"""VIP TOWER, H 51/1, PIR SHAHEBER GOLI, SHANTINAGAR""",Shantinagar
"""MOTIJHEEL, 54/1, MASTER PARA ROAD, SENPARA PARBATA""",Senpara Parbata
"""GOLDEN DOOR AND FURNITURE, DHAKA CHITTAGONG HIGHWAY, SOUTH KAJLA""",Kajla
"""JATRABARI, MITALY BHABAN, 178, ROAD 9, SECTION 12""",Jatrabari
"""HOUSE 52, ROAD 27, DHANMONDI""",Dhanmondi
"""BOU BAZAR, ROWSHON RD, 1702""",Not Classified
"""167/1, EAST RAJABAZAAR, TEJGAON""",Tejgaon
"""D 19, MILKVITA ROAD, SECTION 7""",Mirpur
"""130, SARAK 10 1, BASHUNDHARA R/A""",Bashundhara
"""ALINAGAR VILLA, 15, SECTION 6, MIRPUR CANTONMENT""",Mirpur
"""OSMANI HALL MP CHECK POST, MIRPUR 12""",Mirpur
"""JANNATUL JUICE & FAST FOOD, HOUSE BUILDING MOR (MAIN ROAD), UTTARA""",Uttara
"""AHSANIYA MISSION CANCER AND GENERAL HOSPITAL, NORTH SOUTH UNIVERSITY""",Not Classified
"""AFTAB UDDIN AHMED RD, BLOCK B, BASUNDHARA R/A""",Bashundhara
"""SBASTI HOMEO BIDHAN, H 320, RD 5, BARIDHARA DOHS""",Baridhara
"""MTB, H 36, RD 27, DHANMONDI""",Dhanmondi
"""BANGLADESH MOHILA SOMITI, NEW BAILY ROAD, WIRELESS, PALTAN""",Paltan
"""E BLOCK BUS STOP, H 1, RAMPURA BANASREE RD, BLOCK E, BANASREE""",Banasree
"""71, ROAD 5, SECTION 1, 71/A, ROAD NO 1, BLOCK A, BASUNDHARA R/A""",Bashundhara
"""SATITATE, BURGER XPRESS BUILDING, NEW BAILY ROAD""",Not Classified
"""CHEFS TABLE COURT SIDE, HIMU MONEY EXCHANGE, KAMAL ATATURK AVENUE, BANANI""",Banani
"""HOUSE 165/D, ROAD 7, BLOCK C, BASUNDHARA R/A""",Bashundhara
"""HOUSE #273, SAYEM SOBHAN ANVIR ROAD, BLOCK C, BASUNDHARA R/A""",Bashundhara
"""DORGA BARI, PRESIDENT ROAD, AMLAPARA NARYANGANJ SADAR, NARYANGANJ""",Narayanganj
"""VALENTINE CASTLE, H 83, RD 23, GULSHAN 1""",Gulshan
"""ASSIGN VILLA DEL ZAINAB, 233, D BLOCK 7 NO ROAD, BLOCK D, BASUNDHARA R/A""",Bashundhara
"""JANNAT MEDICINE STORE, ROAD 21, SECTOR 10, UTTARA""",Uttara
"""H 55, RD 1, AFTAB NAGAR PROJECT BADDA""",Badda
"""NUVISTA PHARMA PLANT, STATE UNIVERSITY OF BANGLADESH, ZAFRABAD, MOHAMMADPUR""",Mohammadpur
"""JANNAT MEDICINE STORE, ROAD 21, SECTOR 10, UTTARA""",Uttara
"""MORNING BELL SCHOOL, JASHIM UDDIN MEMBER ROAD, CIVIL AVIATION RESIDENTIAL AREA, SECTOR 2""",Uttara
"""UCB BANK, ROAD 34, GULSHAN 1, GULSHAN""",Gulshan
"""MAYEEMS, H 9/B, RD 3, GULSHAN 1""",Gulshan
"""BASIC KISHNOOR, 62/C ASAD AVENUE, MOHAMMADPUR""",Mohammadpur
"""ACADEMIA OUTSTANDING ENGLISH MEDIUM SCHOOL 23, ROAD 113, GULSHAN 2, GULSHAN""",Gulshan
"""FORTUNE SHOPPING MALL, DIT RD, MOUCHAK MARKET, MALIBAGH""",Malibagh
"""VENTURA ENCARNA, BLOCK I, BANANI""",Banani
"""STAR CINEPLEX, BASHUNDHARA CITY PANTHAPATH, DHAKA""",Panthapath
"""HOUSE 64, BLOCK B, ROAD NO . 8, BLOCK B, BASUNDHARA R/A""",Bashundhara
"""HOSPITAL, HOUSE 29, ROAD 13, SECTOR 10, UTTARA""",Uttara
"""RANGS Z SQUARE, GULSHAN 2, GULSHAN""",Gulshan
"""DIGITAL SHOP, 40, PANTHA PATH, DHANMONDI""",Dhanmondi
"""BIROTI RESTORA, STATION RD, KAMALAPUR""",Kamapapur
"""POPULAR PHARMACY, ZAFRABAD, MOHAMMADPUR""",Mohammadpur
"""BHUIYA LODGE, 8, ROAD 3, SECTION 2""",Not Classified
"""NEST SOURCING LTD, RD 10, MIRPUR DOHS""",Mirpur
"""CRIMSON CUP, 300 FEET ENTRANCE, BASHUNDHARA""",Bashundhara
"""SUSHI KYUBEY, ROAD 50, GULSHAN 2, GULSHAN""",Gulshan
"""CHEF'S TABLE, GULSHAN 1, GULSHAN""",Gulshan
"""THE BUFFET STORIES MIRPUR""",Mirpur
"""AMELA VILLA, H 204/1, RAMPURA TITAS RD, BLOCK C, BANASHREE""",Banashree
"""MOJAR TV, OUTER CIRCULAR RD, KAMALAPUR""",Kamapapur
"""PALMYRA, 317, ROAD NO 14, BLOCK A, BASUNDHARA R/A""",Bashundhara
"""NORTH END COFFEE ROASTERS, ROAD 23, GULSHAN 1, GULSHAN""",Gulshan
"""NAPD OFFICE, KATABAN RD, NILKHET""",Nilkhet
"""DUTCH BANGLA BANK ATM, AIRPORT ROAD, NEW AIRPORT ROAD, KURMITOLA, SECTOR 2""",Kurmitola
"""461, I BLOCK ROAD 1, BASUNDHARA R/A""",Bashundhara
"""H 534, RD 11, BARIDHARA DOHS""",Baridhara
"""NONGOR, 323, AL HAJ ABDUS SOBHAN ROAD, BLOCK B, BASHUNDHARA R/A""",Bashundhara
"""BISHNURPRIYA HOTEL, TATI BAZAR, KOTWALI""",Kotwali
"""CP FIVE STAR, UNMESH DATTA ROAD, NOORBAGH, SIDDIKBAZAR""",Siddikbazar
"""CHURCH HOLYCROSS, HOLYCROSS COLLEGE RD, FARMGATE""",Farmgate
"""GULSHAN LINK RD, GULSHAN""",Gulshan
"""AZIM GARMENTS LTD, CHADD UDDAN HOUSING, MOHAMMADPUR""",Mohammadpur
"""SAULYS FOOD, PANTHAPATH""",Panthapath
"""STAMFORD UNIVERSITY, DHAKA CHITTAGONH HIGHWAY, SAYEDABAD""",Sayedabad
"""IBN SINA HOSPITAL, 68, ROAD 15A, DHANMONDI R/A""",Dhanmondi
"""M/S MUKTA GENRAL STORE, 35/A, SALIM UDDIN MARKET ROAD, SENPARA PARBATA, AHMED NAGAR""",Senpara Parbata
"""JANATA BANK LIMITED, WEST, DHANMONDI""",Dhanmondi
"""BEGUNBARI, AJMIR, TEJGAON""",Tejgaon
"""BAITUL FALA JAME MASJID, RD 4, BLOCK E, BANASHREE""",Banashree
"""AL MATIN TOWER, 146, ROAD 13B, BANANI""",Banani
"""12/1/2, ROAD NO 2, MUKTI HOUSING, SHYAMOLI""",Shyamoli
"""INMAS MIRPUR ROAD, SHAHID SUHRAWARDY MEDICAL COLLEGE, SHER E BANGLA NAGAR""",Sher E Bangla Nagar
"""H 16, RD 4, MIRPUR 13""",Mirpur
"""SURGEPORT LOGISTICS PRIVATE LIMITED, KEMAL ATATURK AVENUE, BANANI""",Banani
"""SABOZ AUTOMOBILES AND CAR WASH, ROAD 3B, SECTOR 15, UTTARA""",Uttara
"""LN 8, BENARASHI PALLI, MIRPUR 10""",Mirpur
"""RD 12, BLOCK C, MIRPUR 6""",Mirpur
"""930, SABRINA SOBHAN 4TH AVENUE ROAD, BLOCK D, BASUNDHARA R/A""",Bashundhara
"""HOUSE 36 ROAD 7 UTTORA SECTOR 13""",Uttara
"""3/1, ROAD 3, MUKTI HOUSING, KALLYANPUR""",Kallyanpur
"""SHARIFA PHARMA, 51, SECTION 6, SHAHID BAKI SARAK, KHILGAO""",Khilgaon
"""SHHJAHANPUR, NESCAFE, STATION RD, KAMALPUR""",Kamapapur
"""NAMAPARA, BASUNDHARA R/A""",Bashundhara
"""OXFORD REFRIGERATION, H 41/7, CULVERT RD, FAKIRAPOOL""",Fakirapool
"""MUSLIN INTERNATIONAL LIMITED WAREHOUSE, DHOLIPARA, UTTARA""",Uttara
"""DOMINANT BUILDER LTD, SECTION 6, MIRPUR""",Mirpur
"""YMCA TRAINING CENTRE, MASJIDUL LLAH, SAVAR""",Savar
"""BAR Q TONITE, 27(OLD), DHANMONDI""",Dhanmondi
"""""""LUXOR,ZAFRABAD,MOHAMMADPUR""""""",Mohammadpur
"""""""BAR Q TONITE, 27(OLD), DHANMONDI""""""",Dhanmondi
"""""""IDEAL COLLEGE , CENTRAL RD , DHANMONDI""""""",Dhanmondi
"""""""PANDA DUMPLINGS -PD,GULSHAN 2,GULSHAN""""""",Gulshan
"""""""HAWLADAR FURNITURES , SECTOR 3, UTTARA""""""",Uttara
"""""""DHL EXPRESS HOTEL OFFICE,JOAR SHAHARA,KURIL""""""",Kuril
"""""""EXIM BANK LIMITED , DIT ROAD , GULSHAN NORTH COMMERCIAL AREA , GULSHAN 2""""""",Gulshan
"""""""ROAD 23,DAKKHIN BADDA,GULSHAN""""""",Gulshan
"""""""SHANGHAI 10, BLOCK C , BANANI""""""",Banani
"""""""TEJGAON THANA HEALTH COMPLEX""""""",Tejgaon
"""""""14/1D,BLOCK D,SIR SAYED ROAD,MOHAMMADPUR""""""",Mohammadpur
"""""""DOMESTIC TERMINAL  ( DAC ) , HAZRAT SHAHJALAL INTERNATIONAL AIRPORT""""""",Hazrat Shahjalal International Airport
"""""""H 405, AFTAB UDDIN AHMED RD , BLOCK B , BASHUNDHARA R/A""""""",Bashundhara
"""""""SECTOR 17,BLOCK H1,PLAYGROUND,UTTARA RESIDENTIAL MODEL TOWN,DHAKA BANGLADESH""""""",Uttara
"""""""NEW DHANSIRI RESTAURANT - GULSHAN2, ROAD 46, GULSHAN 2, GULSHAN""""""",Gulshan
"""""""HAZI ABDUL LATIF MANSION,H 9/A,ALHAZ ABDUS SOBHAN RD,BASUNDHARA R/A""""""",Bashundhara
"""""""AMERICAN BURGER , SHOP 21/22  2, RD 46 , GULSHAN 2""""""",Gulshan
"""""""H 80/1,SHANTIBAG MASJID RD,SHANTIBAG,MALIBAGH""""""",Malibagh
"""""""HAVEN PLACE,ZAFRABAD,MOHAMMADPUR""""""",Mohammadpur
"""""""LINK IN LIMITED , BLOCK E, BANANI""""""",Banani
"""""""ITTADI SUPER SHOP , H 298 , SHADHINOTA SARANI , NORTH BADDA""""""",Badda
"""""""ALLIANCE HANIF VILLA 2,SECTION 6""""""",Uttara
"""""""RD 32,MOHAKHALI DOHS""""""",Mohakhali
"""""""BRAC BANK LIMITED  ATM BOOTH , ROAD 23 , BLOCK B , BANANI""""""",Banani
"""""""SHAPTAK KAJORIA , 26/A , ROAD 1 , LALMATIA""""""",Lalmatia
"""""""KOSHAI BARI RAILGATE,KOSHAIBAZAR,DAKSHINKHAN""""""",Dakshinkhan
"""""""KARIM AND SONS,TOYENBEE CIRCULAR RD,MOTIJHEEL""""""",Motijheel
"""""""SHAHID JANANI JAHANARA IMAM SARONI , DHANMONDI""""""",Dhanmondi
"""""""10/10 , SIR ALLAMA MUHAMMAD IQBAL ROAD , MOHAMMADPUR""""""",Mohammadpur
